Workbook

Sheet summary
A1: VINTAGE | B1: sec79 | C1: sec95 | D1: chainindex | E1: new browser | F1: base | G1: units | H1: d1980 | I1: d1985 | J1: d1990 | K1: d1995 | L1: d1995e | M1: d2000ec | N1: d2010ec | O1: d2015ec | P1: d2020ec
A2: 1 | B2: V882 | F2: 1980 | G2: mld lire | H2: 1 | I2: 0 | J2: 0 | K2: 0 | L2: 0 | M2: 0 | N2: 0 | O2: 0 | P2: 0
A3: =1+A2 -> 2 | B3: V883 | F3: 1980 | G3: mld lire | H3: 1 | I3: 0 | J3: 0 | K3: 0 | L3: 0 | M3: 0 | N3: 0 | O3: 0 | P3: 0
A4: =1+A3 -> 3 | B4: V884 | F4: 1980 | G4: mld lire | H4: 1 | I4: 0 | J4: 0 | K4: 0 | L4: 0 | M4: 0 | N4: 0 | O4: 0 | P4: 0
A5: =1+A4 -> 4 | B5: V891 | F5: 1980 | G5: mld lire | H5: 1 | I5: 0 | J5: 0 | K5: 0 | L5: 0 | M5: 0 | N5: 0 | O5: 0 | P5: 0
A6: =1+A5 -> 5 | B6: V892 | F6: 1980 | G6: mld lire | H6: 1 | I6: 0 | J6: 0 | K6: 0 | L6: 0 | M6: 0 | N6: 0 | O6: 0 | P6: 0
A7: =1+A6 -> 6 | B7: V893 | F7: 1980 | G7: mld lire | H7: 1 | I7: 0 | J7: 0 | K7: 0 | L7: 0 | M7: 0 | N7: 0 | O7: 0 | P7: 0
A8: =1+A7 -> 7 | B8: V894 | F8: 1980 | G8: mld lire | H8: 1 | I8: 0 | J8: 0 | K8: 0 | L8: 0 | M8: 0 | N8: 0 | O8: 0 | P8: 0
A9: =1+A8 -> 8 | B9: V901 | F9: 1980 | G9: mld lire | H9: 1 | I9: 0 | J9: 0 | K9: 0 | L9: 0 | M9: 0 | N9: 0 | O9: 0 | P9: 0
A10: =1+A9 -> 9 | B10: V902 | F10: 1980 | G10: mld lire | H10: 1 | I10: 0 | J10: 0 | K10: 0 | L10: 0 | M10: 0 | N10: 0 | O10: 0 | P10: 0
A11: =1+A10 -> 10 | B11: V903 | F11: 1980 | G11: mld lire | H11: 1 | I11: 0 | J11: 0 | K11: 0 | L11: 0 | M11: 0 | N11: 0 | O11: 0 | P11: 0
A12: =1+A11 -> 11 | B12: V904 | F12: 1980 | G12: mld lire | H12: 1 | I12: 0 | J12: 0 | K12: 0 | L12: 0 | M12: 0 | N12: 0 | O12: 0 | P12: 0
A13: =1+A12 -> 12 | B13: V911 | F13: 1985 | G13: mld lire | H13: 0 | I13: 1 | J13: 0 | K13: 0 | L13: 0 | M13: 0 | N13: 0 | O13: 0 | P13: 0
A14: =1+A13 -> 13 | B14: V912 | F14: 1985 | G14: mld lire | H14: 0 | I14: 1 | J14: 0 | K14: 0 | L14: 0 | M14: 0 | N14: 0 | O14: 0 | P14: 0
... A36: =1+A35 -> 35 | B36: V964 | F36: 1990 | G36: mld lire | H36: 0 | I36: 0 | J36: 1 | K36: 0 | L36: 0 | M36: 0 | N36: 0 | O36: 0 | P36: 0
A37: =1+A36 -> 36 | B37: V971 | C37: PIL971 | F37: 1990 | G37: mld lire | H37: 0 | I37: 0 | J37: 1 | K37: 0 | L37: 0 | M37: 0 | N37: 0 | O37: 0 | P37: 0
A38: =1+A37 -> 37 | B38: V972 | C38: PIL972 | F38: 1990 | G38: mld lire | H38: 0 | I38: 0 | J38: 1 | K38: 0 | L38: 0 | M38: 0 | N38: 0 | O38: 0 | P38: 0
A39: =1+A38 -> 38 | B39: V973 | C39: PIL973 | F39: 1990 | G39: mld lire | H39: 0 | I39: 0 | J39: 1 | K39: 0 | L39: 0 | M39: 0 | N39: 0 | O39: 0 | P39: 0
A40: =1+A39 -> 39 | B40: V974 | C40: PIL974 | F40: 1990 | G40: mld lire | H40: 0 | I40: 0 | J40: 1 | K40: 0 | L40: 0 | M40: 0 | N40: 0 | O40: 0 | P40: 0
A41: =1+A40 -> 40 | B41: V981 | C41: PIL981 | F41: 1990 | G41: mld lire | H41: 0 | I41: 0 | J41: 1 | K41: 0 | L41: 0 | M41: 0 | N41: 0 | O41: 0 | P41: 0
A42: =1+A41 -> 41 | B42: V982 | C42: PIL982 | F42: 1990 | G42: mld lire | H42: 0 | I42: 0 | J42: 1 | K42: 0 | L42: 0 | M42: 0 | N42: 0 | O42: 0 | P42: 0
A43: =1+A42 -> 42 | B43: V983 | C43: PIL983 | F43: 1990 | G43: mld lire | H43: 0 | I43: 0 | J43: 1 | K43: 0 | L43: 0 | M43: 0 | N43: 0 | O43: 0 | P43: 0
A44: =1+A43 -> 43 | C44: PIL984 | F44: 1995 | G44: mld lire | H44: 0 | I44: 0 | J44: 0 | K44: 1 | L44: 0 | M44: 0 | N44: 0 | O44: 0 | P44: 0
A45: =1+A44 -> 44 | C45: PIL991 | F45: 1995 | G45: mld lire | H45: 0 | I45: 0 | J45: 0 | K45: 1 | L45: 0 | M45: 0 | N45: 0 | O45: 0 | P45: 0
A46: =1+A45 -> 45 | C46: PIL992 | F46: 1995 | G46: mld lire | H46: 0 | I46: 0 | J46: 0 | K46: 1 | L46: 0 | M46: 0 | N46: 0 | O46: 0 | P46: 0
A47: =1+A46 -> 46 | C47: PIL993 | F47: 1995 | G47: mld lire | H47: 0 | I47: 0 | J47: 0 | K47: 1 | L47: 0 | M47: 0 | N47: 0 | O47: 0 | P47: 0
A48: =1+A47 -> 47 | C48: PIL994 | F48: 1995 | G48: mld lire | H48: 0 | I48: 0 | J48: 0 | K48: 1 | L48: 0 | M48: 0 | N48: 0 | O48: 0 | P48: 0
A49: =1+A48 -> 48 | C49: PIL001 | F49: 1995 | G49: mld lire | H49: 0 | I49: 0 | J49: 0 | K49: 1 | L49: 0 | M49: 0 | N49: 0 | O49: 0 | P49: 0
A50: =1+A49 -> 49 | C50: PIL002 | F50: 1995 | G50: mld lire | H50: 0 | I50: 0 | J50: 0 | K50: 1 | L50: 0 | M50: 0 | N50: 0 | O50: 0 | P50: 0
A51: =1+A50 -> 50 | C51: PIL003 | F51: 1995 | G51: mld lire | H51: 0 | I51: 0 | J51: 0 | K51: 1 | L51: 0 | M51: 0 | N51: 0 | O51: 0 | P51: 0
A52: =1+A51 -> 51 | C52: PIL004 | F52: 1995 | G52: mld lire | H52: 0 | I52: 0 | J52: 0 | K52: 1 | L52: 0 | M52: 0 | N52: 0 | O52: 0 | P52: 0
A53: =1+A52 -> 52 | C53: PIL011 | F53: 1995 | G53: mld lire | H53: 0 | I53: 0 | J53: 0 | K53: 1 | L53: 0 | M53: 0 | N53: 0 | O53: 0 | P53: 0
A54: =1+A53 -> 53 | C54: PIL012 | F54: 1995 | G54: mld lire | H54: 0 | I54: 0 | J54: 0 | K54: 1 | L54: 0 | M54: 0 | N54: 0 | O54: 0 | P54: 0
A55: =1+A54 -> 54 | C55: PIL013 | F55: 1995 | G55: mld lire | H55: 0 | I55: 0 | J55: 0 | K55: 1 | L55: 0 | M55: 0 | N55: 0 | O55: 0 | P55: 0
... A71: =1+A70 -> 70 | C71: PIL053 | F71: 1995 | G71: mln euro | H71: 0 | I71: 0 | J71: 0 | K71: 0 | L71: 1 | M71: 0 | N71: 0 | O71: 0 | P71: 0
A72: =1+A71 -> 71 | D72: GDP054 | F72: ci_2000 | G72: mln euro | H72: 0 | I72: 0 | J72: 0 | K72: 0 | L72: 0 | M72: 1 | N72: 0 | O72: 0 | P72: 0
A73: =1+A72 -> 72 | D73: GDP061 | F73: ci_2000 | G73: mln euro | H73: 0 | I73: 0 | J73: 0 | K73: 0 | L73: 0 | M73: 1 | N73: 0 | O73: 0 | P73: 0
A74: =1+A73 -> 73 | D74: GDP062 | F74: ci_2000 | G74: mln euro | H74: 0 | I74: 0 | J74: 0 | K74: 0 | L74: 0 | M74: 1 | N74: 0 | O74: 0 | P74: 0
A75: =1+A74 -> 74 | D75: GDP063 | F75: ci_2000 | G75: mln euro | H75: 0 | I75: 0 | J75: 0 | K75: 0 | L75: 0 | M75: 1 | N75: 0 | O75: 0 | P75: 0
A76: =1+A75 -> 75 | D76: GDP064 | F76: ci_2000 | G76: mln euro | H76: 0 | I76: 0 | J76: 0 | K76: 0 | L76: 0 | M76: 1 | N76: 0 | O76: 0 | P76: 0
A77: =1+A76 -> 76 | D77: GDP071 | F77: ci_2000 | G77: mln euro | H77: 0 | I77: 0 | J77: 0 | K77: 0 | L77: 0 | M77: 1 | N77: 0 | O77: 0 | P77: 0
A78: =1+A77 -> 77 | D78: GDP072 | F78: ci_2000 | G78: mln euro | H78: 0 | I78: 0 | J78: 0 | K78: 0 | L78: 0 | M78: 1 | N78: 0 | O78: 0 | P78: 0
A79: =1+A78 -> 78 | D79: GDP073 | F79: ci_2000 | G79: mln euro | H79: 0 | I79: 0 | J79: 0 | K79: 0 | L79: 0 | M79: 1 | N79: 0 | O79: 0 | P79: 0
A80: =1+A79 -> 79 | D80: GDP074 | F80: ci_2000 | G80: mln euro | H80: 0 | I80: 0 | J80: 0 | K80: 0 | L80: 0 | M80: 1 | N80: 0 | O80: 0 | P80: 0
A81: =1+A80 -> 80 | D81: GDP081 | F81: ci_2000 | G81: mln euro | H81: 0 | I81: 0 | J81: 0 | K81: 0 | L81: 0 | M81: 1 | N81: 0 | O81: 0 | P81: 0
A82: =1+A81 -> 81 | D82: GDP082 | F82: ci_2000 | G82: mln euro | H82: 0 | I82: 0 | J82: 0 | K82: 0 | L82: 0 | M82: 1 | N82: 0 | O82: 0 | P82: 0
A83: =1+A82 -> 82 | D83: GDP083 | F83: ci_2000 | G83: mln euro | H83: 0 | I83: 0 | J83: 0 | K83: 0 | L83: 0 | M83: 1 | N83: 0 | O83: 0 | P83: 0
... A106: =1+A105 -> 105 | D106: GDP142 | F106: ci_2000 | G106: mln euro | H106: 0 | I106: 0 | J106: 0 | K106: 0 | L106: 0 | M106: 1 | N106: 0 | O106: 0 | P106: 0
A107: =1+A106 -> 106 | E107: Dic-2014 | F107: ci_2010 | G107: mln euro | H107: 0 | I107: 0 | J107: 0 | K107: 0 | L107: 0 | M107: 0 | N107: 1 | O107: 0 | P107: 0
A108: =1+A107 -> 107 | E108: Mar-2015 | F108: ci_2010 | G108: mln euro | H108: 0 | I108: 0 | J108: 0 | K108: 0 | L108: 0 | M108: 0 | N108: 1 | O108: 0 | P108: 0
A109: =1+A108 -> 108 | E109: Mag-2015 | F109: ci_2010 | G109: mln euro | H109: 0 | I109: 0 | J109: 0 | K109: 0 | L109: 0 | M109: 0 | N109: 1 | O109: 0 | P109: 0
A110: =1+A109 -> 109 | E110: Set-2015 | F110: ci_2010 | G110: mln euro | H110: 0 | I110: 0 | J110: 0 | K110: 0 | L110: 0 | M110: 0 | N110: 1 | O110: 0 | P110: 0
A111: =1+A110 -> 110 | E111: Dic-2015 | F111: ci_2010 | G111: mln euro | H111: 0 | I111: 0 | J111: 0 | K111: 0 | L111: 0 | M111: 0 | N111: 1 | O111: 0 | P111: 0
A112: =1+A111 -> 111 | E112: Mar-2016 | F112: ci_2010 | G112: mln euro | H112: 0 | I112: 0 | J112: 0 | K112: 0 | L112: 0 | M112: 0 | N112: 1 | O112: 0 | P112: 0
A113: =1+A112 -> 112 | E113: Mag-2016 | F113: ci_2010 | G113: mln euro | H113: 0 | I113: 0 | J113: 0 | K113: 0 | L113: 0 | M113: 0 | N113: 1 | O113: 0 | P113: 0
A114: =1+A113 -> 113 | E114: Set-2016 | F114: ci_2010 | G114: mln euro | H114: 0 | I114: 0 | J114: 0 | K114: 0 | L114: 0 | M114: 0 | N114: 1 | O114: 0 | P114: 0
A115: =1+A114 -> 114 | E115: Dic-2016 | F115: ci_2010 | G115: mln euro | H115: 0 | I115: 0 | J115: 0 | K115: 0 | L115: 0 | M115: 0 | N115: 1 | O115: 0 | P115: 0
A116: =1+A115 -> 115 | E116: Mar-2017 | F116: ci_2010 | G116: mln euro | H116: 0 | I116: 0 | J116: 0 | K116: 0 | L116: 0 | M116: 0 | N116: 1 | O116: 0 | P116: 0
A117: =1+A116 -> 116 | E117: Giu-2017 | F117: ci_2010 | G117: mln euro | H117: 0 | I117: 0 | J117: 0 | K117: 0 | L117: 0 | M117: 0 | N117: 1 | O117: 0 | P117: 0
A118: =1+A117 -> 117 | E118: Set-2017 | F118: ci_2010 | G118: mln euro | H118: 0 | I118: 0 | J118: 0 | K118: 0 | L118: 0 | M118: 0 | N118: 1 | O118: 0 | P118: 0
... A150: =1+A149 -> 149 | E150: Ago-2025 | F150: ci_2020 | G150: mln euro | H150: 0 | I150: 0 | J150: 0 | K150: 0 | L150: 0 | M150: 0 | N150: 0 | O150: 0 | P150: 1

Sheet sec79
A1: DATE | B1: V882 | C1: V883 | D1: V884 | E1: V891 | F1: V892 | G1: V893 | H1: V894 | I1: V901 | J1: V902 | K1: V903 | L1: V904 | M1: V911 | N1: V912 | O1: V913 | P1: V914 | Q1: V921 | R1: V922 | S1: V923 | T1: V924 | U1: V931 | V1: V932 | W1: V933 | X1: V934 | Y1: V941 | Z1: V942 | AA1: V943 | AB1: V944 | AC1: V951 | AD1: V952 | AE1: V953 | AF1: V954 | AG1: V961 | AH1: V962 | AI1: V963 | AJ1: V964 | AK1: V971 | AL1: V972 | AM1: V973 | AN1: V974 | AO1: V981 | AP1: V982 | AQ1: V983
B2: y1 | C2: y2 | D2: y3 | E2: y4 | F2: y5 | G2: y6 | H2: y7 | I2: y8 | J2: y9 | K2: y10 | L2: y11 | M2: y12 | N2: y13 | O2: y14 | P2: y15 | Q2: y16 | R2: y17 | S2: y18 | T2: y19 | U2: y20 | V2: y21 | W2: y22 | X2: y23 | Y2: y24 | Z2: y25 | AA2: y26 | AB2: y27 | AC2: y28 | AD2: y29 | AE2: y30 | AF2: y31 | AG2: y32 | AH2: y33 | AI2: y34 | AJ2: y35
A3: 1970.1 | B3: 65950 | C3: =0.9916*(B3+D3)/2 -> 65421.306 | D3: 66001 | E3: 66209 | F3: =E3 -> 66209 | G3: =F3 -> 66209 | H3: 66209 | I3: 66209 | J3: 66209 | K3: 66209 | L3: =K3 -> 66209 | M3: 129544 | N3: =M3 -> 129544 | O3: 129544 | P3: 129544 | Q3: 129544 | R3: 129424 | S3: 129424 | T3: 129424 | U3: =T3 -> 129424 | V3: 129424 | W3: 129424 | X3: 129424 | Y3: 129424 | Z3: 129424 | AA3: 129424 | AB3: 129424 | AC3: 129424 | AD3: 129424 | AE3: 129424 | AF3: 181584 | AG3: 181584 | AH3: 181584 | AI3: 181584 | AJ3: 181584 | AK3: 181584 | AL3: 181584 | AM3: 181584 | AN3: 181584 | AO3: 181584 | AP3: 181584 | AQ3: 181584
A4: 1970.2 | B4: 66761 | C4: =0.9916*(B4+D4)/2 -> 66201.695 | D4: 66764 | E4: 66532 | F4: =E4 -> 66532 | G4: =F4 -> 66532 | H4: 66532 | I4: 66532 | J4: 66532 | K4: 66532 | L4: =K4 -> 66532 | M4: 130180 | N4: =M4 -> 130180 | O4: 130180 | P4: 130180 | Q4: 130180 | R4: 130479 | S4: 130479 | T4: 130479 | U4: =T4 -> 130479 | V4: 130479 | W4: 130479 | X4: 130479 | Y4: 130479 | Z4: 130479 | AA4: 130479 | AB4: 130479 | AC4: 130479 | AD4: 130479 | AE4: 130479 | AF4: 183654 | AG4: 183671 | AH4: 184060 | AI4: 184060 | AJ4: 184060 | AK4: 184060 | AL4: 184060 | AM4: 184060 | AN4: 184060 | AO4: 184060 | AP4: 184060 | AQ4: 184060
A5: 1970.3 | B5: 68060 | C5: =0.9916*(B5+D5)/2 -> 67466.481 | D5: 68016 | E5: 67465 | F5: =E5 -> 67465 | G5: =F5 -> 67465 | H5: 67465 | I5: 67465 | J5: 67465 | K5: 67465 | L5: =K5 -> 67465 | M5: 132380 | N5: =M5 -> 132380 | O5: 132380 | P5: 132380 | Q5: 132380 | R5: 132317 | S5: 132317 | T5: 132317 | U5: =T5 -> 132317 | V5: 132317 | W5: 132317 | X5: 132317 | Y5: 132317 | Z5: 132317 | AA5: 132317 | AB5: 132317 | AC5: 132317 | AD5: 132317 | AE5: 132317 | AF5: 187333 | AG5: 187319 | AH5: 186705 | AI5: 186705 | AJ5: 186705 | AK5: 186705 | AL5: 186705 | AM5: 186705 | AN5: 186705 | AO5: 186705 | AP5: 186705 | AQ5: 186705
A6: 1970.4 | B6: 67024 | C6: =0.9916*(B6+D6)/2 -> 66455.545 | D6: 67013 | E6: 67588 | F6: =E6 -> 67588 | G6: =F6 -> 67588 | H6: 67588 | I6: 67588 | J6: 67588 | K6: 67588 | L6: =K6 -> 67588 | M6: 132808 | N6: =M6 -> 132808 | O6: 132808 | P6: 132808 | Q6: 132808 | R6: 132605 | S6: 132605 | T6: 132605 | U6: =T6 -> 132605 | V6: 132605 | W6: 132605 | X6: 132605 | Y6: 132605 | Z6: 132605 | AA6: 132605 | AB6: 132605 | AC6: 132605 | AD6: 132605 | AE6: 132605 | AF6: 187153 | AG6: 187023 | AH6: 186066 | AI6: 186066 | AJ6: 186066 | AK6: 186066 | AL6: 186066 | AM6: 186066 | AN6: 186066 | AO6: 186066 | AP6: 186066 | AQ6: 186066
A7: 1971.1 | B7: 67094 | C7: =0.9916*(B7+D7)/2 -> 66533.881 | D7: 67101 | E7: 67654 | F7: =E7 -> 67654 | G7: =F7 -> 67654 | H7: 67654 | I7: 67654 | J7: 67654 | K7: 67654 | L7: =K7 -> 67654 | M7: 132751 | N7: =M7 -> 132751 | O7: 132918 | P7: 132918 | Q7: 132918 | R7: 132578 | S7: 132589 | T7: 132589 | U7: =T7 -> 132589 | V7: 132589 | W7: 132589 | X7: 132589 | Y7: 132589 | Z7: 132589 | AA7: 132589 | AB7: 132589 | AC7: 132589 | AD7: 132589 | AE7: 132589 | AF7: 187184 | AG7: 186873 | AH7: 186657 | AI7: 186657 | AJ7: 186657 | AK7: 186657 | AL7: 186657 | AM7: 186657 | AN7: 186657 | AO7: 186657 | AP7: 186657 | AQ7: 186657
A8: 1971.2 | B8: 67382 | C8: =0.9916*(B8+D8)/2 -> 66822.932 | D8: 67396 | E8: 67472 | F8: =E8 -> 67472 | G8: =F8 -> 67472 | H8: 67472 | I8: 67472 | J8: 67472 | K8: 67472 | L8: =K8 -> 67472 | M8: 132463 | N8: =M8 -> 132463 | O8: 132414 | P8: 132414 | Q8: 132414 | R8: 132571 | S8: 132558 | T8: 132558 | U8: =T8 -> 132558 | V8: 132558 | W8: 132558 | X8: 132558 | Y8: 132558 | Z8: 132558 | AA8: 132558 | AB8: 132558 | AC8: 132558 | AD8: 132558 | AE8: 132558 | AF8: 186623 | AG8: 186650 | AH8: 186728 | AI8: 186728 | AJ8: 186728 | AK8: 186728 | AL8: 186728 | AM8: 186728 | AN8: 186728 | AO8: 186728 | AP8: 186728 | AQ8: 186728
A9: 1971.3 | B9: 68305 | C9: =0.9916*(B9+D9)/2 -> 67731.238 | D9: 68305 | E9: 68096 | F9: =E9 -> 68096 | G9: =F9 -> 68096 | H9: 68096 | I9: 68096 | J9: 68096 | K9: 68096 | L9: =K9 -> 68096 | M9: 133762 | N9: =M9 -> 133762 | O9: 133686 | P9: 133686 | Q9: 133686 | R9: 133711 | S9: 133712 | T9: 133712 | U9: =T9 -> 133712 | V9: 133712 | W9: 133712 | X9: 133712 | Y9: 133712 | Z9: 133712 | AA9: 133712 | AB9: 133712 | AC9: 133712 | AD9: 133712 | AE9: 133712 | AF9: 188255 | AG9: 188367 | AH9: 188689 | AI9: 188689 | AJ9: 188689 | AK9: 188689 | AL9: 188689 | AM9: 188689 | AN9: 188689 | AO9: 188689 | AP9: 188689 | AQ9: 188689
A10: 1971.4 | B10: 69311 | C10: =0.9916*(B10+D10)/2 -> 68718.376 | D10: 69290 | E10: 68870 | F10: =E10 -> 68870 | G10: =F10 -> 68870 | H10: 68870 | I10: 68870 | J10: 68870 | K10: 68870 | L10: =K10 -> 68870 | M10: 135131 | N10: =M10 -> 135131 | O10: 135090 | P10: 135090 | Q10: 135090 | R10: 135210 | S10: 135212 | T10: 135212 | U10: =T10 -> 135212 | V10: 135212 | W10: 135212 | X10: 135212 | Y10: 135212 | Z10: 135212 | AA10: 135212 | AB10: 135212 | AC10: 135212 | AD10: 135212 | AE10: 135212 | AF10: 190340 | AG10: 190512 | AH10: 190328 | AI10: 190328 | AJ10: 190328 | AK10: 190328 | AL10: 190328 | AM10: 190328 | AN10: 190328 | AO10: 190328 | AP10: 190328 | AQ10: 190328
A11: 1972.1 | B11: 70012 | C11: =0.9916*(B11+D11)/2 -> 69407.042 | D11: 69978 | E11: 69737 | F11: =E11 -> 69737 | G11: =F11 -> 69737 | H11: 69737 | I11: 69737 | J11: 69737 | K11: 69737 | L11: =K11 -> 69737 | M11: 136887 | N11: =M11 -> 136887 | O11: 136774 | P11: 136774 | Q11: 136774 | R11: 136925 | S11: 136921 | T11: 136921 | U11: =T11 -> 136921 | V11: 136921 | W11: 136921 | X11: 136921 | Y11: 136921 | Z11: 136921 | AA11: 136921 | AB11: 136921 | AC11: 136921 | AD11: 136921 | AE11: 136921 | AF11: 193026 | AG11: 192803 | AH11: 192961 | AI11: 192961 | AJ11: 192961 | AK11: 192961 | AL11: 192961 | AM11: 192961 | AN11: 192961 | AO11: 192961 | AP11: 192961 | AQ11: 192961
A12: 1972.2 | B12: 68799 | C12: =0.9916*(B12+D12)/2 -> 68228.525 | D12: 68814 | E12: 69066 | F12: =E12 -> 69066 | G12: =F12 -> 69066 | H12: 69066 | I12: 69066 | J12: 69066 | K12: 69066 | L12: =K12 -> 69066 | M12: 135748 | N12: =M12 -> 135748 | O12: 135779 | P12: 135779 | Q12: 135779 | R12: 135609 | S12: 135618 | T12: 135618 | U12: =T12 -> 135618 | V12: 135618 | W12: 135618 | X12: 135618 | Y12: 135618 | Z12: 135618 | AA12: 135618 | AB12: 135618 | AC12: 135618 | AD12: 135618 | AE12: 135618 | AF12: 191651 | AG12: 191947 | AH12: 192295 | AI12: 192295 | AJ12: 192295 | AK12: 192295 | AL12: 192295 | AM12: 192295 | AN12: 192295 | AO12: 192295 | AP12: 192295 | AQ12: 192295
A13: 1972.3 | B13: 69250 | C13: =0.9916*(B13+D13)/2 -> 68680.695 | D13: 69275 | E13: 69766 | F13: =E13 -> 69766 | G13: =F13 -> 69766 | H13: 69766 | I13: 69766 | J13: 69766 | K13: 69766 | L13: =K13 -> 69766 | M13: 137352 | N13: =M13 -> 137352 | O13: 137388 | P13: 137388 | Q13: 137388 | R13: 137206 | S13: 137217 | T13: 137217 | U13: =T13 -> 137217 | V13: 137217 | W13: 137217 | X13: 137217 | Y13: 137217 | Z13: 137217 | AA13: 137217 | AB13: 137217 | AC13: 137217 | AD13: 137217 | AE13: 137217 | AF13: 193755 | AG13: 193436 | AH13: 193616 | AI13: 193616 | AJ13: 193616 | AK13: 193616 | AL13: 193616 | AM13: 193616 | AN13: 193616 | AO13: 193616 | AP13: 193616 | AQ13: 193616
A14: 1972.4 | B14: 71375 | C14: =0.9916*(B14+D14)/2 -> 70772.971 | D14: 71370 | E14: 70868 | F14: =E14 -> 70868 | G14: =F14 -> 70868 | H14: 70868 | I14: 70868 | J14: 70868 | K14: 70868 | L14: =K14 -> 70868 | M14: 139205 | N14: =M14 -> 139205 | O14: 139251 | P14: 139251 | Q14: 139251 | R14: 139208 | S14: 139192 | T14: 139192 | U14: =T14 -> 139192 | V14: 139192 | W14: 139192 | X14: 139192 | Y14: 139192 | Z14: 139192 | AA14: 139192 | AB14: 139192 | AC14: 139192 | AD14: 139192 | AE14: 139192 | AF14: 195986 | AG14: 196232 | AH14: 195546 | AI14: 195546 | AJ14: 195546 | AK14: 195546 | AL14: 195546 | AM14: 195546 | AN14: 195546 | AO14: 195546 | AP14: 195546 | AQ14: 195546
... A74: 1987.4 | B74: 113640 | C74: =0.9916*(B74+D74)/2 -> 111869.83 | D74: 111995 | E74: 112869 | F74: =E74 -> 112869 | G74: =F74 -> 112869 | H74: 112869 | I74: 112869 | J74: 112869 | K74: 112869 | L74: =K74 -> 112869 | M74: 218979 | N74: =M74 -> 218979 | O74: 218789 | P74: 218852 | Q74: 218852 | R74: 218376 | S74: 218376 | T74: 218376 | U74: =T74 -> 218376 | V74: 218376 | W74: 218376 | X74: 218376 | Y74: 218376 | Z74: 218376 | AA74: 218376 | AB74: 218376 | AC74: 218376 | AD74: 218376 | AE74: 218376 | AF74: 305269 | AG74: 305314 | AH74: 305082 | AI74: 305082 | AJ74: 305082 | AK74: 305082 | AL74: 305082 | AM74: 305082 | AN74: 305082 | AO74: 305082 | AP74: 305082 | AQ74: 305082
A75: 1988.1 | B75: 115061 | C75: 113382 | D75: 113615 | E75: 113997 | F75: =E75 -> 113997 | G75: 113965 | H75: 114112 | I75: 114111 | J75: 114113 | K75: 114280 | L75: =K75 -> 114280 | M75: 221150 | N75: =M75 -> 221150 | O75: 221139 | P75: 221429 | Q75: 221429 | R75: 221373 | S75: 221373 | T75: 221172 | U75: =T75 -> 221172 | V75: 221172 | W75: 221172 | X75: 221172 | Y75: 221172 | Z75: 221172 | AA75: 221172 | AB75: 221172 | AC75: 221172 | AD75: 221172 | AE75: 221172 | AF75: 309675 | AG75: 308693 | AH75: 308723 | AI75: 308723 | AJ75: 308723 | AK75: 308723 | AL75: 308723 | AM75: 308723 | AN75: 308723 | AO75: 308723 | AP75: 308723 | AQ75: 308723
A76: 1988.2 | B76: 115793 | C76: 114514 | D76: 114498 | E76: 114615 | F76: =E76 -> 114615 | G76: 114569 | H76: 114888 | I76: 114820 | J76: 114848 | K76: 114928 | L76: =K76 -> 114928 | M76: 223134 | N76: =M76 -> 223134 | O76: 223034 | P76: 223330 | Q76: 223330 | R76: 223232 | S76: 223232 | T76: 223163 | U76: =T76 -> 223163 | V76: 223163 | W76: 223163 | X76: 223163 | Y76: 223163 | Z76: 223163 | AA76: 223163 | AB76: 223163 | AC76: 223163 | AD76: 223163 | AE76: 223163 | AF76: 310393 | AG76: 310187 | AH76: 310305 | AI76: 310305 | AJ76: 310305 | AK76: 310305 | AL76: 310305 | AM76: 310305 | AN76: 310305 | AO76: 310305 | AP76: 310305 | AQ76: 310305
A77: 1988.3 | C77: 115889 | D77: 115716 | E77: 115451 | F77: =E77 -> 115451 | G77: 115550 | H77: 116111 | I77: 116035 | J77: 116017 | K77: 115856 | L77: =K77 -> 115856 | M77: 224702 | N77: =M77 -> 224702 | O77: 224709 | P77: 224621 | Q77: 224621 | R77: 224445 | S77: 224445 | T77: 225077 | U77: =T77 -> 225077 | V77: 225077 | W77: 225077 | X77: 225077 | Y77: 225077 | Z77: 225077 | AA77: 225077 | AB77: 225077 | AC77: 225077 | AD77: 225077 | AE77: 225077 | AF77: 312688 | AG77: 312956 | AH77: 312467 | AI77: 312467 | AJ77: 312467 | AK77: 312467 | AL77: 312467 | AM77: 312467 | AN77: 312467 | AO77: 312467 | AP77: 312467 | AQ77: 312467
A78: 1988.4 | D78: 116888 | E78: 116655 | F78: =E78 -> 116655 | G78: 116463 | H78: 116856 | I78: 117001 | J78: 116989 | K78: 116903 | L78: =K78 -> 116903 | M78: 226411 | N78: =M78 -> 226411 | O78: 226514 | P78: 226017 | Q78: 226017 | R78: 226347 | S78: 226347 | T78: 225985 | U78: =T78 -> 225985 | V78: 225985 | W78: 225985 | X78: 225985 | Y78: 225985 | Z78: 225985 | AA78: 225985 | AB78: 225985 | AC78: 225985 | AD78: 225985 | AE78: 225985 | AF78: 314209 | AG78: 315130 | AH78: 315470 | AI78: 315470 | AJ78: 315470 | AK78: 315470 | AL78: 315470 | AM78: 315470 | AN78: 315470 | AO78: 315470 | AP78: 315470 | AQ78: 315470
A79: 1989.1 | E79: 117513 | F79: =E79 -> 117513 | G79: 117574 | H79: 118014 | I79: 117794 | J79: 117696 | K79: 117855 | L79: =K79 -> 117855 | M79: 227723 | N79: =M79 -> 227723 | O79: 227959 | P79: 227596 | Q79: 227596 | R79: 227661 | S79: 227661 | T79: 227639 | U79: =T79 -> 227639 | V79: 227639 | W79: 227639 | X79: 227860 | Y79: 227860 | Z79: 227860 | AA79: 227860 | AB79: 227860 | AC79: 227860 | AD79: 227860 | AE79: 227860 | AF79: 317513 | AG79: 317731 | AH79: 317377 | AI79: 317377 | AJ79: 317377 | AK79: 317377 | AL79: 317377 | AM79: 317377 | AN79: 317377 | AO79: 317377 | AP79: 317377 | AQ79: 317377
A80: 1989.2 | F80: 118292 | G80: 117990 | H80: 118794 | I80: 118735 | J80: 118721 | K80: 118758 | L80: =K80 -> 118758 | M80: 229849 | N80: =M80 -> 229849 | O80: 229918 | P80: 229725 | Q80: 229725 | R80: 229748 | S80: 229748 | T80: 229084 | U80: =T80 -> 229084 | V80: 229084 | W80: 229084 | X80: 229100 | Y80: 229100 | Z80: 229100 | AA80: 229100 | AB80: 229100 | AC80: 229100 | AD80: 229100 | AE80: 229100 | AF80: 318495 | AG80: 318567 | AH80: 319084 | AI80: 319084 | AJ80: 319084 | AK80: 319084 | AL80: 319084 | AM80: 319084 | AN80: 319084 | AO80: 319084 | AP80: 319084 | AQ80: 319084
A81: 1989.3 | G81: 118929 | H81: 119624 | I81: 119715 | J81: 119651 | K81: 119563 | L81: =K81 -> 119563 | M81: 232081 | N81: =M81 -> 232081 | O81: 231893 | P81: 231704 | Q81: 231704 | R81: 231522 | S81: 231522 | T81: 232231 | U81: =T81 -> 232231 | V81: 232231 | W81: 232231 | X81: 231690 | Y81: 231690 | Z81: 231690 | AA81: 231690 | AB81: 231690 | AC81: 231690 | AD81: 231690 | AE81: 231690 | AF81: 322603 | AG81: 322227 | AH81: 321280 | AI81: 321280 | AJ81: 321280 | AK81: 321280 | AL81: 321280 | AM81: 321280 | AN81: 321280 | AO81: 321280 | AP81: 321280 | AQ81: 321280
A82: 1989.4 | H82: 120146 | I82: 120334 | J82: 120511 | K82: 120402 | L82: =K82 -> 120402 | M82: 232905 | N82: =M82 -> 232905 | O82: 232788 | P82: 232690 | Q82: 232690 | R82: 232784 | S82: 232784 | T82: 232761 | U82: =T82 -> 232761 | V82: 232761 | W82: 232761 | X82: 233064 | Y82: 233064 | Z82: 233064 | AA82: 233064 | AB82: 233064 | AC82: 233064 | AD82: 233064 | AE82: 233064 | AF82: 324294 | AG82: 324380 | AH82: 325165 | AI82: 325165 | AJ82: 325165 | AK82: 325165 | AL82: 325165 | AM82: 325165 | AN82: 325165 | AO82: 325165 | AP82: 325165 | AQ82: 325165
A83: 1990.1 | I83: 121464 | J83: 121263 | K83: 121389 | L83: 121097 | M83: 234859 | N83: 234768.24 | O83: 234521 | P83: 234437 | Q83: 234411 | R83: 234515 | S83: 234539 | T83: 234480 | U83: =T83 -> 234480 | V83: 234480 | W83: 234480 | X83: 234075 | Y83: 234075 | Z83: 234075 | AA83: 234075 | AB83: 234060 | AC83: 234060 | AD83: 234060 | AE83: 234060 | AF83: 325902 | AG83: 326714 | AH83: 327208 | AI83: 327208 | AJ83: 327208 | AK83: 327208 | AL83: 327208 | AM83: 327208 | AN83: 327208 | AO83: 327208 | AP83: 327208 | AQ83: 327208
A84: 1990.2 | J84: 121018 | K84: 120924 | L84: 120964 | M84: 234387 | N84: =N83*(1-0.003) -> 234063.94 | O84: 234801 | P84: 234642 | Q84: 234578 | R84: 234550 | S84: 234485 | T84: 234300 | U84: =T84 -> 234300 | V84: 234300 | W84: 234300 | X84: 234402 | Y84: 234402 | Z84: 234402 | AA84: 234402 | AB84: 234172 | AC84: 234172 | AD84: 234172 | AE84: 234172 | AF84: 325927 | AG84: 325749 | AH84: 327324 | AI84: 327324 | AJ84: 327324 | AK84: 327324 | AL84: 327324 | AM84: 327324 | AN84: 327324 | AO84: 327324 | AP84: 327324 | AQ84: 327324
A85: 1990.3 | K85: 121725 | L85: 121705 | M85: 235563 | N85: =N84*(1+0.006) -> 235468.32 | O85: 235732 | P85: 236721 | Q85: 236905 | R85: 236737 | S85: 236777 | T85: 236810 | U85: =T85 -> 236810 | V85: 236810 | W85: 236810 | X85: 236973 | Y85: 236973 | Z85: 236973 | AA85: 236973 | AB85: 237649 | AC85: 237649 | AD85: 237649 | AE85: 237649 | AF85: 330909 | AG85: 330671 | AH85: 328675 | AI85: 328675 | AJ85: 328675 | AK85: 328675 | AL85: 328675 | AM85: 328675 | AN85: 328675 | AO85: 328675 | AP85: 328675 | AQ85: 328675
A86: 1990.4 | L86: 121508 | M86: 235766 | N86: =N85*(1+0.002) -> 235939.26 | O86: 235520 | P86: 236472 | Q86: 236378 | R86: 236469 | S86: 236471 | T86: 235797 | U86: =T86 -> 235797 | V86: 235797 | W86: 235797 | X86: 235937 | Y86: 235937 | Z86: 235937 | AA86: 235937 | AB86: 235507 | AC86: 235507 | AD86: 235507 | AE86: 235507 | AF86: 327921 | AG86: 327525 | AH86: 327451 | AI86: 327451 | AJ86: 327451 | AK86: 327451 | AL86: 327451 | AM86: 327451 | AN86: 327451 | AO86: 327451 | AP86: 327451 | AQ86: 327451
A87: 1991.1 | M87: 236589 | N87: =N86*(1+0.002) -> 236411.13 | O87: 236941 | P87: 237708 | Q87: 237179 | R87: 237404 | S87: 237451 | T87: 236776 | U87: =T87 -> 236776 | V87: 236969 | W87: 236776 | X87: 236518 | Y87: 236518 | Z87: 236518 | AA87: 236518 | AB87: 237020 | AC87: 237020 | AD87: 237020 | AE87: 237020 | AF87: 329992 | AG87: 329832 | AH87: 329180 | AI87: 329180 | AJ87: 329180 | AK87: 329180 | AL87: 329180 | AM87: 329180 | AN87: 329180 | AO87: 329180 | AP87: 329180 | AQ87: 329180
A88: 1991.2 | N88: =N87*(1+0.003) -> 237120.37 | O88: 237935 | P88: 238815 | Q88: 238657 | R88: 238709 | S88: 238700 | T88: 237905 | U88: =T88 -> 237905 | V88: 238091 | W88: 238042 | X88: 237423 | Y88: 237423 | Z88: 237423 | AA88: 237423 | AB88: 237309 | AC88: 237309 | AD88: 237309 | AE88: 237309 | AF88: 330438 | AG88: 330355 | AH88: 330198 | AI88: 330198 | AJ88: 330198 | AK88: 330198 | AL88: 330198 | AM88: 330198 | AN88: 330198 | AO88: 330198 | AP88: 330198 | AQ88: 330198
A89: 1991.3 | O89: 238060 | P89: 239301 | Q89: 239458 | R89: 239330 | S89: 239131 | T89: 238694 | U89: =T89 -> 238694 | V89: 238387 | W89: 238593 | X89: 238609 | Y89: 238609 | Z89: 238609 | AA89: 238609 | AB89: 238451 | AC89: 238451 | AD89: 238451 | AE89: 238451 | AF89: 331470 | AG89: 331653 | AH89: 332468 | AI89: 332468 | AJ89: 332468 | AK89: 332468 | AL89: 332468 | AM89: 332468 | AN89: 332468 | AO89: 332468 | AP89: 332468 | AQ89: 332468
A90: 1991.4 | P90: 239994 | Q90: 240523 | R90: 240374 | S90: 240534 | T90: 239806 | U90: =T90 -> 239806 | V90: 239734 | W90: 239770 | X90: 240135 | Y90: 240135 | Z90: 240135 | AA90: 240135 | AB90: 239905 | AC90: 239905 | AD90: 239905 | AE90: 239905 | AF90: 333682 | AG90: 333742 | AH90: 333736 | AI90: 333736 | AJ90: 333736 | AK90: 333736 | AL90: 333736 | AM90: 333736 | AN90: 333736 | AO90: 333736 | AP90: 333736 | AQ90: 333736
A91: 1992.1 | Q91: 241925 | R91: 241702 | S91: 241902 | T91: 241094 | U91: 241005.03 | V91: 241248 | W91: 240903 | X91: 240721 | Y91: 241129 | Z91: 240886 | AA91: 241143 | AB91: 241361 | AC91: 241361 | AD91: 241361 | AE91: 241361 | AF91: 334439 | AG91: 334314 | AH91: 334098 | AI91: 334098 | AJ91: 334390 | AK91: 334389 | AL91: 334389 | AM91: 334389 | AN91: 334389 | AO91: 334389 | AP91: 334389 | AQ91: 334389
A92: 1992.2 | R92: 242225 | S92: 242501 | T92: 241499 | U92: 241487.04 | V92: 241812 | W92: 241662 | X92: 241073 | Y92: 241167 | Z92: 241127 | AA92: 240947 | AB92: 241120 | AC92: 241120 | AD92: 241120 | AE92: 241120 | AF92: 334747 | AG92: 334569 | AH92: 334748 | AI92: 334748 | AJ92: 334639 | AK92: 334639 | AL92: 334639 | AM92: 334639 | AN92: 334639 | AO92: 334639 | AP92: 334639 | AQ92: 334639
A93: 1992.3 | S93: 241022 | T93: 240408 | U93: 240279.6 | V93: 240081 | W93: 240348 | X93: 239237 | Y93: 238848 | Z93: 239006 | AA93: 238874 | AB93: 238584 | AC93: 238584 | AD93: 238584 | AE93: 238584 | AF93: 332043 | AG93: 331994 | AH93: 333113 | AI93: 333113 | AJ93: 333022 | AK93: 333022 | AL93: 333022 | AM93: 333022 | AN93: 333022 | AO93: 333022 | AP93: 333022 | AQ93: 333022
A94: 1992.4 | T94: 239036 | U94: 238837.93 | V94: 238896 | W94: 239123 | X94: 238783 | Y94: 238670 | Z94: 238795 | AA94: 238851 | AB94: 238590 | AC94: 238590 | AD94: 238590 | AE94: 238590 | AF94: 331843 | AG94: 332195 | AH94: 331113 | AI94: 331113 | AJ94: 331021 | AK94: 331022 | AL94: 331022 | AM94: 331022 | AN94: 331022 | AO94: 331022 | AP94: 331022 | AQ94: 331022
A95: 1993.1 | U95: 239315.6 | V95: 238555 | W95: 238636 | X95: 237684 | Y95: 238101 | Z95: 238009 | AA95: 238065 | AB95: 237460 | AC95: 237533 | AD95: 237289 | AE95: 237374 | AF95: 329308 | AG95: 329405 | AH95: 328787 | AI95: 328787 | AJ95: 328965 | AK95: 328964 | AL95: 328964 | AM95: 328964 | AN95: 328964 | AO95: 328964 | AP95: 328964 | AQ95: 328964
A96: 1993.2 | V96: 240372 | W96: 240322 | X96: 238633 | Y96: 238712 | Z96: 238586 | AA96: 238613 | AB96: 237467 | AC96: 237474 | AD96: 237691 | AE96: 237688 | AF96: 330186 | AG96: 329896 | AH96: 329384 | AI96: 329384 | AJ96: 329223 | AK96: 329224 | AL96: 329224 | AM96: 329224 | AN96: 329175 | AO96: 329175 | AP96: 329175 | AQ96: 329175
A97: 1993.3 | W97: 239180 | X97: 237614 | Y97: 237193 | Z97: 237199 | AA97: 236972 | AB97: 235394 | AC97: 235378 | AD97: 235410 | AE97: 235329 | AF97: 327354 | AG97: 327479 | AH97: 328405 | AI97: 328405 | AJ97: 328291 | AK97: 328291 | AL97: 328291 | AM97: 328291 | AN97: 328316 | AO97: 328316 | AP97: 328316 | AQ97: 328316
A98: 1993.4 | X98: 239514 | Y98: 239440 | Z98: 239652 | AA98: 239796 | AB98: 238023 | AC98: 237959 | AD98: 237954 | AE98: 237954 | AF98: 330820 | AG98: 330889 | AH98: 331093 | AI98: 331093 | AJ98: 331189 | AK98: 331190 | AL98: 331190 | AM98: 331190 | AN98: 331214 | AO98: 331214 | AP98: 331214 | AQ98: 331214
A99: 1994.1 | Y99: 239607 | Z99: 240636 | AA99: 240490 | AB99: 238876 | AC99: 238896 | AD99: 238692 | AE99: 238458 | AF99: 331705 | AG99: 331845 | AH99: 331554 | AI99: 331638 | AJ99: 331987 | AK99: 331985 | AL99: 331985 | AM99: 331985 | AN99: 332560 | AO99: 332560 | AP99: 332560 | AQ99: 332560
A100: 1994.2 | Z100: 244010 | AA100: 243219 | AB100: 241231 | AC100: 240969 | AD100: 240700 | AE100: 240920 | AF100: 334946 | AG100: 334884 | AH100: 335967 | AI100: 335816 | AJ100: 335867 | AK100: 335868 | AL100: 335868 | AM100: 335868 | AN100: 336135 | AO100: 336135 | AP100: 336135 | AQ100: 336135
A101: 1994.3 | AA101: 245625 | AB101: 244410 | AC101: 244332 | AD101: 244324 | AE101: 244763 | AF101: 339547 | AG101: 339511 | AH101: 338604 | AI101: 338502 | AJ101: 338407 | AK101: 338407 | AL101: 338407 | AM101: 338407 | AN101: 338041 | AO101: 338041 | AP101: 338041 | AQ101: 338041
A102: 1994.4 | AB102: 244468 | AC102: 244788 | AD102: 245270 | AE102: 244844 | AF102: 339476 | AG102: 339434 | AH102: 339548 | AI102: 339718 | AJ102: 340007 | AK102: 340007 | AL102: 340007 | AM102: 340007 | AN102: 339530 | AO102: 339530 | AP102: 339530 | AQ102: 339530
A103: 1995.1 | AC103: 248374 | AD103: 248572 | AE103: 248575 | AF103: 344155 | AG103: 343643 | AH103: 344743 | AI103: 344983 | AJ103: 344783 | AK103: 345110 | AL103: 345479 | AM103: 345503 | AN103: 345321 | AO103: 345321 | AP103: 345321 | AQ103: 345321
A104: 1995.2 | AD104: 247615 | AE104: 248352 | AF104: 343994 | AG104: 343862 | AH104: 345467 | AI104: 345443 | AJ104: 345221 | AK104: 345662 | AL104: 345250 | AM104: 345402 | AN104: 344992 | AO104: 344992 | AP104: 344992 | AQ104: 344992
A105: 1995.3 | AE105: 253196 | AF105: 350339 | AG105: 350917 | AH105: 347560 | AI105: 347508 | AJ105: 347410 | AK105: 347354 | AL105: 347167 | AM105: 346816 | AN105: 347118 | AO105: 347118 | AP105: 347118 | AQ105: 347118
A106: 1995.4 | AF106: 347130 | AG106: 347197 | AH106: 347848 | AI106: 347683 | AJ106: 348416 | AK106: 347703 | AL106: 347934 | AM106: 348110 | AN106: 348430 | AO106: 348430 | AP106: 348430 | AQ106: 348430
A107: 1996.1 | AG107: 348947 | AH107: 349312 | AI107: 349256 | AJ107: 349100 | AK107: 349169 | AL107: 350031 | AM107: 350338 | AN107: 350855 | AO107: 350976 | AP107: 351104 | AQ107: 351184
A108: 1996.2 | AH108: 347888 | AI108: 347882 | AJ108: 347781 | AK108: 347614 | AL108: 346966 | AM108: 347223 | AN108: 347625 | AO108: 347379 | AP108: 347449 | AQ108: 347541
A109: 1996.3 | AI109: 349918 | AJ109: 349659 | AK109: 350149 | AL109: 349496 | AM109: 348953 | AN109: 348904 | AO109: 348865 | AP109: 348855 | AQ109: 348670
A110: 1996.4 | AJ110: 348868 | AK110: 348475 | AL110: 348916 | AM110: 348894 | AN110: 347634 | AO110: 347798 | AP110: 347609 | AQ110: 347623
A111: 1997.1 | AK111: 347865 | AL111: 347950 | AM111: 348157 | AN111: 347759 | AO111: 347988 | AP111: 348137 | AQ111: 348101
A112: 1997.2 | AL112: 353596 | AM112: 354629 | AN112: 354367 | AO112: 354709 | AP112: 354330 | AQ112: 354418
A113: 1997.3 | AM113: 356179 | AN113: 356652 | AO113: 356387 | AP113: 356273 | AQ113: 356312
A114: 1997.4 | AN114: 357277 | AO114: 356971 | AP114: 357315 | AQ114: 357224
A115: 1998.1 | AO115: 356570 | AP115: 356842 | AQ115: 356673
A116: 1998.2 | AP116: 358392 | AQ116: 358695
A117: 1998.3 | AQ117: 360499

Sheet sec95
A1: YEAR | B1: QTR | C1: PIL971 | D1: PIL972 | E1: PIL973 | F1: PIL974 | G1: PIL981 | H1: PIL982 | I1: PIL983 | J1: PIL984 | K1: PIL991 | L1: PIL992 | M1: PIL993 | N1: PIL994 | O1: PIL001 | P1: PIL002 | Q1: PIL003 | R1: PIL004 | S1: PIL011 | T1: PIL012 | U1: PIL013 | V1: PIL014 | W1: PIL021 | X1: PIL022 | Y1: PIL023 | Z1: PIL024 | AA1: PIL031 | AB1: PIL032 | AC1: PIL033 | AD1: PIL034 | AE1: PIL041 | AF1: PIL042 | AG1: PIL043 | AH1: PIL044 | AI1: PIL051 | AJ1: PIL052 | AK1: PIL053
C2: y36 | D2: y37 | E2: y38 | F2: y39 | G2: y40 | H2: y41 | I2: y42 | J2: y43 | K2: y44 | L2: y45 | M2: y46 | N2: y47 | O2: y48 | P2: y49 | Q2: y50 | R2: y51 | S2: y52 | T2: y53 | U2: y54 | V2: y55 | W2: y56 | X2: y57 | Y2: y58 | Z2: y59 | AA2: y60 | AB2: y61 | AC2: y62 | AD2: y63 | AE2: y64 | AF2: y65 | AG2: y66 | AH2: y67 | AI2: y68 | AJ2: y69 | AK2: y70
A3: 1970 | B3: 1 | C3: 181584 | D3: 181584 | E3: 181584 | F3: 181584 | G3: 181584 | H3: 181584 | I3: 181584 | J3: =J4/I4*I3 -> 228444.11 | K3: =K4/J4*J3 -> 232310.8 | L3: =K3 -> 232310.8 | M3: =M4/L4*L3 -> 233921.13 | N3: =$M3 -> 233921.13 | O3: =$M3 -> 233921.13 | P3: =$M3 -> 233921.13 | Q3: =$M3 -> 233921.13 | R3: 231511 | S3: 231511 | T3: 231511 | U3: 231511 | V3: 119565 | W3: 119565 | X3: 119565 | Y3: 119565 | Z3: 119565 | AA3: =AA4/Z4*Z3 -> 118862.59 | AB3: =$AA3 -> 118862.59 | AC3: =$AA3 -> 118862.59 | AD3: =$AA3 -> 118862.59 | AE3: =$AA3 -> 118862.59 | AF3: =$AA3 -> 118862.59 | AG3: =$AA3 -> 118862.59 | AH3: =AG3 -> 118862.59 | AI3: =AH3 -> 118862.59 | AJ3: =AH3 -> 118862.59 | AK3: =AH3 -> 118862.59
A4: 1970 | B4: 2 | C4: 184060 | D4: 184060 | E4: 184060 | F4: 184060 | G4: 184060 | H4: 184060 | I4: 184060 | J4: =J5/I5*I4 -> 231559.08 | K4: =K5/J5*J4 -> 235478.49 | L4: =K4 -> 235478.49 | M4: =M5/L5*L4 -> 237110.78 | N4: =$M4 -> 237110.78 | O4: =$M4 -> 237110.78 | P4: =$M4 -> 237110.78 | Q4: =$M4 -> 237110.78 | R4: 233201 | S4: 233201 | T4: 233201 | U4: 233201 | V4: 120438 | W4: 120438 | X4: 120438 | Y4: 120438 | Z4: 120438 | AA4: =AA5/Z5*Z4 -> 119730.46 | AB4: =$AA4 -> 119730.46 | AC4: =$AA4 -> 119730.46 | AD4: =$AA4 -> 119730.46 | AE4: =$AA4 -> 119730.46 | AF4: =$AA4 -> 119730.46 | AG4: =$AA4 -> 119730.46 | AH4: =AG4 -> 119730.46 | AI4: =AH4 -> 119730.46 | AJ4: =AH4 -> 119730.46 | AK4: =AH4 -> 119730.46
A5: 1970 | B5: 3 | C5: 186705 | D5: 186705 | E5: 186705 | F5: 186705 | G5: 186705 | H5: 186705 | I5: 186705 | J5: =J6/I6*I5 -> 234886.65 | K5: =K6/J6*J5 -> 238862.39 | L5: =K5 -> 238862.39 | M5: =M6/L6*L5 -> 240518.13 | N5: =$M5 -> 240518.13 | O5: =$M5 -> 240518.13 | P5: =$M5 -> 240518.13 | Q5: =$M5 -> 240518.13 | R5: 237880 | S5: 237880 | T5: 237880 | U5: 237880 | V5: 122855 | W5: 122855 | X5: 122855 | Y5: 122855 | Z5: 122855 | AA5: =AA6/Z6*Z5 -> 122133.26 | AB5: =$AA5 -> 122133.26 | AC5: =$AA5 -> 122133.26 | AD5: =$AA5 -> 122133.26 | AE5: =$AA5 -> 122133.26 | AF5: =$AA5 -> 122133.26 | AG5: =$AA5 -> 122133.26 | AH5: =AG5 -> 122133.26 | AI5: =AH5 -> 122133.26 | AJ5: =AH5 -> 122133.26 | AK5: =AH5 -> 122133.26
A6: 1970 | B6: 4 | C6: 186066 | D6: 186066 | E6: 186066 | F6: 186066 | G6: 186066 | H6: 186066 | I6: 186066 | J6: =J7/I7*I6 -> 234082.75 | K6: =K7/J7*J6 -> 238044.88 | L6: =K6 -> 238044.88 | M6: =M7/L7*L6 -> 239694.96 | N6: =$M6 -> 239694.96 | O6: =$M6 -> 239694.96 | P6: =$M6 -> 239694.96 | Q6: =$M6 -> 239694.96 | R6: 238146 | S6: 238146 | T6: 238146 | U6: 238146 | V6: 122992 | W6: 122992 | X6: 122992 | Y6: 122992 | Z6: 122992 | AA6: =AA7/Z7*Z6 -> 122269.46 | AB6: =$AA6 -> 122269.46 | AC6: =$AA6 -> 122269.46 | AD6: =$AA6 -> 122269.46 | AE6: =$AA6 -> 122269.46 | AF6: =$AA6 -> 122269.46 | AG6: =$AA6 -> 122269.46 | AH6: =AG6 -> 122269.46 | AI6: =AH6 -> 122269.46 | AJ6: =AH6 -> 122269.46 | AK6: =AH6 -> 122269.46
A7: 1971 | B7: 1 | C7: 186657 | D7: 186657 | E7: 186657 | F7: 186657 | G7: 186657 | H7: 186657 | I7: 186657 | J7: =J8/I8*I7 -> 234826.27 | K7: =K8/J8*J7 -> 238800.98 | L7: =K7 -> 238800.98 | M7: =M8/L8*L7 -> 240456.3 | N7: =$M7 -> 240456.3 | O7: =$M7 -> 240456.3 | P7: =$M7 -> 240456.3 | Q7: =$M7 -> 240456.3 | R7: 236900 | S7: 236900 | T7: 236900 | U7: 236900 | V7: 122349 | W7: 122349 | X7: 122349 | Y7: 122349 | Z7: 122349 | AA7: =AA8/Z8*Z7 -> 121630.24 | AB7: =$AA7 -> 121630.24 | AC7: =$AA7 -> 121630.24 | AD7: =$AA7 -> 121630.24 | AE7: =$AA7 -> 121630.24 | AF7: =$AA7 -> 121630.24 | AG7: =$AA7 -> 121630.24 | AH7: =AG7 -> 121630.24 | AI7: =AH7 -> 121630.24 | AJ7: =AH7 -> 121630.24 | AK7: =AH7 -> 121630.24
A8: 1971 | B8: 2 | C8: 186728 | D8: 186728 | E8: 186728 | F8: 186728 | G8: 186728 | H8: 186728 | I8: 186728 | J8: =J9/I9*I8 -> 234915.59 | K8: =K9/J9*J8 -> 238891.82 | L8: =K8 -> 238891.82 | M8: =M9/L9*L8 -> 240547.76 | N8: =$M8 -> 240547.76 | O8: =$M8 -> 240547.76 | P8: =$M8 -> 240547.76 | Q8: =$M8 -> 240547.76 | R8: 237900 | S8: 237900 | T8: 237900 | U8: 237900 | V8: 122865 | W8: 122865 | X8: 122865 | Y8: 122865 | Z8: 122865 | AA8: =AA9/Z9*Z8 -> 122143.21 | AB8: =$AA8 -> 122143.21 | AC8: =$AA8 -> 122143.21 | AD8: =$AA8 -> 122143.21 | AE8: =$AA8 -> 122143.21 | AF8: =$AA8 -> 122143.21 | AG8: =$AA8 -> 122143.21 | AH8: =AG8 -> 122143.21 | AI8: =AH8 -> 122143.21 | AJ8: =AH8 -> 122143.21 | AK8: =AH8 -> 122143.21
A9: 1971 | B9: 3 | C9: 188689 | D9: 188689 | E9: 188689 | F9: 188689 | G9: 188689 | H9: 188689 | I9: 188689 | J9: =J10/I10*I9 -> 237382.65 | K9: =K10/J10*J9 -> 241400.64 | L9: =K9 -> 241400.64 | M9: =M10/L10*L9 -> 243073.97 | N9: =$M9 -> 243073.97 | O9: =$M9 -> 243073.97 | P9: =$M9 -> 243073.97 | Q9: =$M9 -> 243073.97 | R9: 241384 | S9: 241384 | T9: 241384 | U9: 241384 | V9: 124665 | W9: 124665 | X9: 124665 | Y9: 124665 | Z9: 124665 | AA9: =AA10/Z10*Z9 -> 123932.63 | AB9: =$AA9 -> 123932.63 | AC9: =$AA9 -> 123932.63 | AD9: =$AA9 -> 123932.63 | AE9: =$AA9 -> 123932.63 | AF9: =$AA9 -> 123932.63 | AG9: =$AA9 -> 123932.63 | AH9: =AG9 -> 123932.63 | AI9: =AH9 -> 123932.63 | AJ9: =AH9 -> 123932.63 | AK9: =AH9 -> 123932.63
A10: 1971 | B10: 4 | C10: 190328 | D10: 190328 | E10: 190328 | F10: 190328 | G10: 190328 | H10: 190328 | I10: 190328 | J10: =J11/I11*I10 -> 239444.62 | K10: =K11/J11*J10 -> 243497.5 | L10: =K10 -> 243497.5 | M10: =M11/L11*L10 -> 245185.38 | N10: =$M10 -> 245185.38 | O10: =$M10 -> 245185.38 | P10: =$M10 -> 245185.38 | Q10: =$M10 -> 245185.38 | R10: 242747 | S10: 242747 | T10: 242747 | U10: 242747 | V10: 125368 | W10: 125368 | X10: 125368 | Y10: 125368 | Z10: 125368 | AA10: =AA11/Z11*Z10 -> 124631.5 | AB10: =$AA10 -> 124631.5 | AC10: =$AA10 -> 124631.5 | AD10: =$AA10 -> 124631.5 | AE10: =$AA10 -> 124631.5 | AF10: =$AA10 -> 124631.5 | AG10: =$AA10 -> 124631.5 | AH10: =AG10 -> 124631.5 | AI10: =AH10 -> 124631.5 | AJ10: =AH10 -> 124631.5 | AK10: =AH10 -> 124631.5
A11: 1972 | B11: 1 | C11: 192961 | D11: 192961 | E11: 192961 | F11: 192961 | G11: 192961 | H11: 192961 | I11: 192961 | J11: =J12/I12*I11 -> 242757.1 | K11: =K12/J12*J11 -> 246866.05 | L11: =K11 -> 246866.05 | M11: =M12/L12*L11 -> 248577.27 | N11: =$M11 -> 248577.27 | O11: =$M11 -> 248577.27 | P11: =$M11 -> 248577.27 | Q11: =$M11 -> 248577.27 | R11: 245429 | S11: 245429 | T11: 245429 | U11: 245429 | V11: 126754 | W11: 126754 | X11: 126754 | Y11: 126754 | Z11: 126754 | AA11: =AA12/Z12*Z11 -> 126009.36 | AB11: =$AA11 -> 126009.36 | AC11: =$AA11 -> 126009.36 | AD11: =$AA11 -> 126009.36 | AE11: =$AA11 -> 126009.36 | AF11: =$AA11 -> 126009.36 | AG11: =$AA11 -> 126009.36 | AH11: =AG11 -> 126009.36 | AI11: =AH11 -> 126009.36 | AJ11: =AH11 -> 126009.36 | AK11: =AH11 -> 126009.36
A12: 1972 | B12: 2 | C12: 192295 | D12: 192295 | E12: 192295 | F12: 192295 | G12: 192295 | H12: 192295 | I12: 192295 | J12: =J13/I13*I12 -> 241919.23 | K12: =K13/J13*J12 -> 246014 | L12: =K12 -> 246014 | M12: =M13/L13*L12 -> 247719.31 | N12: =$M12 -> 247719.31 | O12: =$M12 -> 247719.31 | P12: =$M12 -> 247719.31 | Q12: =$M12 -> 247719.31 | R12: 245318 | S12: 245318 | T12: 245318 | U12: 245318 | V12: 126696 | W12: 126696 | X12: 126696 | Y12: 126696 | Z12: 126696 | AA12: =AA13/Z13*Z12 -> 125951.7 | AB12: =$AA12 -> 125951.7 | AC12: =$AA12 -> 125951.7 | AD12: =$AA12 -> 125951.7 | AE12: =$AA12 -> 125951.7 | AF12: =$AA12 -> 125951.7 | AG12: =$AA12 -> 125951.7 | AH12: =AG12 -> 125951.7 | AI12: =AH12 -> 125951.7 | AJ12: =AH12 -> 125951.7 | AK12: =AH12 -> 125951.7
A13: 1972 | B13: 3 | C13: 193616 | D13: 193616 | E13: 193616 | F13: 193616 | G13: 193616 | H13: 193616 | I13: 193616 | J13: =J14/I14*I13 -> 243581.13 | K13: =K14/J14*J13 -> 247704.03 | L13: =K13 -> 247704.03 | M13: =M14/L14*L13 -> 249421.06 | N13: =$M13 -> 249421.06 | O13: =$M13 -> 249421.06 | P13: =$M13 -> 249421.06 | Q13: =$M13 -> 249421.06 | R13: 248625 | S13: 248625 | T13: 248625 | U13: 248625 | V13: 128404 | W13: 128404 | X13: 128404 | Y13: 128404 | Z13: 128404 | AA13: =AA14/Z14*Z13 -> 127649.67 | AB13: =$AA13 -> 127649.67 | AC13: =$AA13 -> 127649.67 | AD13: =$AA13 -> 127649.67 | AE13: =$AA13 -> 127649.67 | AF13: =$AA13 -> 127649.67 | AG13: =$AA13 -> 127649.67 | AH13: =AG13 -> 127649.67 | AI13: =AH13 -> 127649.67 | AJ13: =AH13 -> 127649.67 | AK13: =AH13 -> 127649.67
A14: 1972 | B14: 4 | C14: 195546 | D14: 195546 | E14: 195546 | F14: 195546 | G14: 195546 | H14: 195546 | I14: 195546 | J14: =J15/I15*I14 -> 246009.19 | K14: =K15/J15*J14 -> 250173.19 | L14: =K14 -> 250173.19 | M14: =M15/L15*L14 -> 251907.34 | N14: =$M14 -> 251907.34 | O14: =$M14 -> 251907.34 | P14: =$M14 -> 251907.34 | Q14: =$M14 -> 251907.34 | R14: 249807 | S14: 249807 | T14: 249807 | U14: 249807 | V14: 129014 | W14: 129014 | X14: 129014 | Y14: 129014 | Z14: 129014 | AA14: =AA15/Z15*Z14 -> 128256.08 | AB14: =$AA14 -> 128256.08 | AC14: =$AA14 -> 128256.08 | AD14: =$AA14 -> 128256.08 | AE14: =$AA14 -> 128256.08 | AF14: =$AA14 -> 128256.08 | AG14: =$AA14 -> 128256.08 | AH14: =AG14 -> 128256.08 | AI14: =AH14 -> 128256.08 | AJ14: =AH14 -> 128256.08 | AK14: =AH14 -> 128256.08
... A42: 1979 | B42: 4 | C42: 261768 | D42: 261768 | E42: 261768 | F42: 261768 | G42: 261768 | H42: 261768 | I42: 261768 | J42: =J43/I43*I42 -> 329320.64 | K42: =K43/J43*J42 -> 334894.78 | L42: =K42 -> 334894.78 | M42: =M43/L43*L42 -> 337216.2 | N42: =$M42 -> 337216.2 | O42: =$M42 -> 337216.2 | P42: =$M42 -> 337216.2 | Q42: =$M42 -> 337216.2 | R42: 333170 | S42: 333170 | T42: 333170 | U42: 333170 | V42: 172068 | W42: 172068 | X42: 172068 | Y42: 172068 | Z42: 172068 | AA42: =AA43/Z43*Z42 -> 171057.15 | AB42: =$AA42 -> 171057.15 | AC42: =$AA42 -> 171057.15 | AD42: =$AA42 -> 171057.15 | AE42: =$AA42 -> 171057.15 | AF42: =$AA42 -> 171057.15 | AG42: =$AA42 -> 171057.15 | AH42: =AG42 -> 171057.15 | AI42: =AH42 -> 171057.15 | AJ42: =AH42 -> 171057.15 | AK42: =AH42 -> 171057.15
A43: 1980 | B43: 1 | C43: 264158 | D43: 264158 | E43: 264158 | F43: 264158 | G43: 264158 | H43: 264158 | I43: 264158 | J43: =J44/I44*I43 -> 332327.41 | K43: =K44/J44*J43 -> 337952.45 | L43: =K43 -> 337952.45 | M43: =M44/L44*L43 -> 340295.06 | N43: =$M43 -> 340295.06 | O43: =$M43 -> 340295.06 | P43: =$M43 -> 340295.06 | Q43: =$M43 -> 340295.06 | R43: 334539 | S43: 334539 | T43: 334539 | U43: 334539 | V43: 172775 | W43: 172775 | X43: 172775 | Y43: 172775 | Z43: 172775 | AA43: 171760 | AB43: 171760 | AC43: 171760 | AD43: 171760 | AE43: 171760 | AF43: 171760 | AG43: 171760 | AH43: =AG43 -> 171760 | AI43: 171760 | AJ43: 171760 | AK43: 171760
A44: 1980 | B44: 2 | C44: 263883 | D44: 263883 | E44: 263883 | F44: 263883 | G44: 263883 | H44: 263883 | I44: 263883 | J44: =J45/I45*I44 -> 331981.44 | K44: =K45/J45*J44 -> 337600.62 | L44: =K44 -> 337600.62 | M44: =M45/L45*L44 -> 339940.8 | N44: =$M44 -> 339940.8 | O44: =$M44 -> 339940.8 | P44: =$M44 -> 339940.8 | Q44: =$M44 -> 339940.8 | R44: 335243 | S44: 335243 | T44: 335243 | U44: 335243 | V44: 173139 | W44: 173139 | X44: 173139 | Y44: 173139 | Z44: 173139 | AA44: 173093 | AB44: 173093 | AC44: 173093 | AD44: 173093 | AE44: 173093 | AF44: 173093 | AG44: 173093 | AH44: =AG44 -> 173093 | AI44: 173093 | AJ44: 173093 | AK44: 173093
A45: 1980 | B45: 3 | C45: 261165 | D45: 261165 | E45: 261165 | F45: 261165 | G45: 261165 | H45: 261165 | I45: 261165 | J45: =J46/I46*I45 -> 328562.02 | K45: =K46/J46*J45 -> 334123.33 | L45: =K45 -> 334123.33 | M45: =M46/L46*L45 -> 336439.4 | N45: =$M45 -> 336439.4 | O45: =$M45 -> 336439.4 | P45: =$M45 -> 336439.4 | Q45: =$M45 -> 336439.4 | R45: 334707 | S45: 334707 | T45: 334707 | U45: 334707 | V45: 172862 | W45: 172862 | X45: 172862 | Y45: 172862 | Z45: 172862 | AA45: 173238 | AB45: 173238 | AC45: 173238 | AD45: 173238 | AE45: 173238 | AF45: 173238 | AG45: 173238 | AH45: =AG45 -> 173238 | AI45: 173238 | AJ45: 173238 | AK45: 173238
A46: 1980 | B46: 4 | C46: 261835 | D46: 261835 | E46: 261835 | F46: 261835 | G46: 261835 | H46: 261835 | I46: 261835 | J46: =J47/I47*I46 -> 329404.93 | K46: =K47/J47*J46 -> 334980.5 | L46: =K46 -> 334980.5 | M46: =M47/L47*L46 -> 337302.51 | N46: =$M46 -> 337302.51 | O46: =$M46 -> 337302.51 | P46: =$M46 -> 337302.51 | Q46: =$M46 -> 337302.51 | R46: 336905 | S46: 336905 | T46: 336905 | U46: 336905 | V46: 173997 | W46: 173997 | X46: 173997 | Y46: 173997 | Z46: 173997 | AA46: 174714 | AB46: 174714 | AC46: 174714 | AD46: 174714 | AE46: 174714 | AF46: 174714 | AG46: 174714 | AH46: =AG46 -> 174714 | AI46: 174714 | AJ46: 174714 | AK46: 174714
A47: 1981 | B47: 1 | C47: 261412 | D47: 261412 | E47: 261412 | F47: 261412 | G47: 261412 | H47: 261412 | I47: 261412 | J47: =J48/I48*I47 -> 328872.77 | K47: =K48/J48*J47 -> 334439.33 | L47: =K47 -> 334439.33 | M47: =M48/L48*L47 -> 336757.59 | N47: =$M47 -> 336757.59 | O47: =$M47 -> 336757.59 | P47: =$M47 -> 336757.59 | Q47: =$M47 -> 336757.59 | R47: 336436 | S47: 336436 | T47: 336436 | U47: 336436 | V47: 173755 | W47: 173755 | X47: 173755 | Y47: 173755 | Z47: 173755 | AA47: 174147 | AB47: 174147 | AC47: 174147 | AD47: 174147 | AE47: 174147 | AF47: 174147 | AG47: 174147 | AH47: =AG47 -> 174147 | AI47: 174147 | AJ47: 174147 | AK47: 174147
A48: 1981 | B48: 2 | C48: 264612 | D48: 264612 | E48: 264612 | F48: 264612 | G48: 264612 | H48: 264612 | I48: 264612 | J48: =J49/I49*I48 -> 332898.57 | K48: =K49/J49*J48 -> 338533.27 | L48: =K48 -> 338533.27 | M48: =M49/L49*L48 -> 340879.92 | N48: =$M48 -> 340879.92 | O48: =$M48 -> 340879.92 | P48: =$M48 -> 340879.92 | Q48: =$M48 -> 340879.92 | R48: 338745 | S48: 338745 | T48: 338745 | U48: 338745 | V48: 174947 | W48: 174947 | X48: 174947 | Y48: 174947 | Z48: 174947 | AA48: 174209 | AB48: 174209 | AC48: 174209 | AD48: 174209 | AE48: 174209 | AF48: 174209 | AG48: 174209 | AH48: =AG48 -> 174209 | AI48: 174209 | AJ48: 174209 | AK48: 174209
A49: 1981 | B49: 3 | C49: 264836 | D49: 264836 | E49: 264836 | F49: 264836 | G49: 264836 | H49: 264836 | I49: 264836 | J49: =J50/I50*I49 -> 333180.37 | K49: =K50/J50*J49 -> 338819.85 | L49: =K49 -> 338819.85 | M49: =M50/L50*L49 -> 341168.48 | N49: =$M49 -> 341168.48 | O49: =$M49 -> 341168.48 | P49: =$M49 -> 341168.48 | Q49: =$M49 -> 341168.48 | R49: 337087 | S49: 337087 | T49: 337087 | U49: 337087 | V49: 174091 | W49: 174091 | X49: 174091 | Y49: 174091 | Z49: 174091 | AA49: 173586 | AB49: 173586 | AC49: 173586 | AD49: 173586 | AE49: 173586 | AF49: 173586 | AG49: 173586 | AH49: =AG49 -> 173586 | AI49: 173586 | AJ49: 173586 | AK49: 173586
A50: 1981 | B50: 4 | C50: 265163 | D50: 265163 | E50: 265163 | F50: 265163 | G50: 265163 | H50: 265163 | I50: 265163 | J50: =J51/I51*I50 -> 333591.76 | K50: =K51/J51*J50 -> 339238.2 | L50: =K50 -> 339238.2 | M50: =M51/L51*L50 -> 341589.73 | N50: =$M50 -> 341589.73 | O50: =$M50 -> 341589.73 | P50: =$M50 -> 341589.73 | Q50: =$M50 -> 341589.73 | R50: 339600 | S50: 339600 | T50: 339600 | U50: 339600 | V50: 175389 | W50: 175389 | X50: 175389 | Y50: 175389 | Z50: 175389 | AA50: 175520 | AB50: 175520 | AC50: 175520 | AD50: 175520 | AE50: 175520 | AF50: 175520 | AG50: 175520 | AH50: =AG50 -> 175520 | AI50: 175520 | AJ50: 175520 | AK50: 175520
A51: 1982 | B51: 1 | C51: 265556 | D51: 265556 | E51: 265556 | F51: 265556 | G51: 265556 | H51: 265556 | I51: 265556 | J51: =J52/I52*I51 -> 334086.18 | K51: =K52/J52*J51 -> 339740.99 | L51: =K51 -> 339740.99 | M51: 342096 | N51: 342096 | O51: 342096 | P51: 342096 | Q51: 342096 | R51: 340407 | S51: 340407 | T51: 340407 | U51: 340407 | V51: 175806 | W51: 175806 | X51: 175806 | Y51: 175806 | Z51: 175806 | AA51: 176774 | AB51: 176774 | AC51: 176774 | AD51: 176774 | AE51: 176774 | AF51: 176774 | AG51: 176774 | AH51: =AG51 -> 176774 | AI51: 176774 | AJ51: 176774 | AK51: 176774
A52: 1982 | B52: 2 | C52: 266214 | D52: 266214 | E52: 266214 | F52: 266214 | G52: 266214 | H52: 266214 | I52: 266214 | J52: =J53/I53*I52 -> 334913.98 | K52: =K53/J53*J52 -> 340582.8 | L52: =K52 -> 340582.8 | M52: 340584 | N52: 340584 | O52: 340584 | P52: 340584 | Q52: 340584 | R52: 340275 | S52: 340275 | T52: 340275 | U52: 340275 | V52: 175737 | W52: 175737 | X52: 175737 | Y52: 175737 | Z52: 175737 | AA52: 176023 | AB52: 176023 | AC52: 176023 | AD52: 176023 | AE52: 176023 | AF52: 176023 | AG52: 176023 | AH52: =AG52 -> 176023 | AI52: 176023 | AJ52: 176023 | AK52: 176023
A53: 1982 | B53: 3 | C53: 264634 | D53: 264634 | E53: 264634 | F53: 264634 | G53: 264634 | H53: 264634 | I53: 264634 | J53: =J54/I54*I53 -> 332926.24 | K53: =K54/J54*J53 -> 338561.42 | L53: =K53 -> 338561.42 | M53: 338808 | N53: 338808 | O53: 338808 | P53: 338808 | Q53: 338808 | R53: 339761 | S53: 339761 | T53: 339761 | U53: 339761 | V53: 175472 | W53: 175472 | X53: 175472 | Y53: 175472 | Z53: 175472 | AA53: 174714 | AB53: 174714 | AC53: 174714 | AD53: 174714 | AE53: 174714 | AF53: 174714 | AG53: 174714 | AH53: =AG53 -> 174714 | AI53: 174714 | AJ53: 174714 | AK53: 174714
A54: 1982 | B54: 4 | C54: 264456 | D54: 264456 | E54: 264456 | F54: 264456 | G54: 264456 | H54: 264456 | I54: 264456 | J54: =J55/I55*I54 -> 332702.31 | K54: =K55/J55*J54 -> 338333.69 | L54: =K54 -> 338333.69 | M54: 338911 | N54: 338911 | O54: 338911 | P54: 338911 | Q54: 338911 | R54: 339956 | S54: 339956 | T54: 339956 | U54: 339956 | V54: 175573 | W54: 175573 | X54: 175573 | Y54: 175573 | Z54: 175573 | AA54: 174288 | AB54: 174288 | AC54: 174288 | AD54: 174288 | AE54: 174288 | AF54: 174288 | AG54: 174288 | AH54: =AG54 -> 174288 | AI54: 174288 | AJ54: 174288 | AK54: 174288
A55: 1983 | B55: 1 | C55: 265661 | D55: 265661 | E55: 265661 | F55: 265661 | G55: 265661 | H55: 265661 | I55: 265661 | J55: =J56/I56*I55 -> 334218.28 | K55: =K56/J56*J55 -> 339875.32 | L55: =K55 -> 339875.32 | M55: 340309 | N55: 340309 | O55: 340309 | P55: 340309 | Q55: 340309 | R55: 342196 | S55: 342196 | T55: 342196 | U55: 342196 | V55: 176730 | W55: 176730 | X55: 176730 | Y55: 176730 | Z55: 176730 | AA55: 175969 | AB55: 175969 | AC55: 175969 | AD55: 175969 | AE55: 175969 | AF55: 175969 | AG55: 175969 | AH55: =AG55 -> 175969 | AI55: 175969 | AJ55: 175969 | AK55: 175969
A56: 1983 | B56: 2 | C56: 266849 | D56: 266849 | E56: 266849 | F56: 266849 | G56: 266849 | H56: 266849 | I56: 266849 | J56: =J57/I57*I56 -> 335712.85 | K56: =K57/J57*J56 -> 341395.2 | L56: =K56 -> 341395.2 | M56: 340915 | N56: 340915 | O56: 340915 | P56: 340915 | Q56: 340915 | R56: 341036 | S56: 341036 | T56: 341036 | U56: 341036 | V56: 176130 | W56: 176130 | X56: 176130 | Y56: 176130 | Z56: 176130 | AA56: 176049 | AB56: 176049 | AC56: 176049 | AD56: 176049 | AE56: 176049 | AF56: 176049 | AG56: 176049 | AH56: =AG56 -> 176049 | AI56: 176049 | AJ56: 176049 | AK56: 176049
A57: 1983 | B57: 3 | C57: 269003 | D57: 269003 | E57: 269003 | F57: 269003 | G57: 269003 | H57: 269003 | I57: 269003 | J57: =J58/I58*I57 -> 338422.72 | K57: =K58/J58*J57 -> 344150.93 | L57: =K57 -> 344150.93 | M57: 345446 | N57: 345446 | O57: 345446 | P57: 345446 | Q57: 345446 | R57: 344088 | S57: 344088 | T57: 344088 | U57: 344088 | V57: 177706 | W57: 177706 | X57: 177706 | Y57: 177706 | Z57: 177706 | AA57: 178110 | AB57: 178110 | AC57: 178110 | AD57: 178110 | AE57: 178110 | AF57: 178110 | AG57: 178110 | AH57: =AG57 -> 178110 | AI57: 178110 | AJ57: 178110 | AK57: 178110
A58: 1983 | B58: 4 | C58: 272270 | D58: 272270 | E58: 272270 | F58: 272270 | G58: 272270 | H58: 272270 | I58: 272270 | J58: =J59/I59*I58 -> 342532.81 | K58: =K59/J59*J58 -> 348330.59 | L58: =K58 -> 348330.59 | M58: 350550 | N58: 350550 | O58: 350550 | P58: 350550 | Q58: 350550 | R58: 349900 | S58: 349900 | T58: 349900 | U58: 349900 | V58: 180708 | W58: 180708 | X58: 180708 | Y58: 180708 | Z58: 180708 | AA58: 181297 | AB58: 181297 | AC58: 181297 | AD58: 181297 | AE58: 181297 | AF58: 181297 | AG58: 181297 | AH58: =AG58 -> 181297 | AI58: 181297 | AJ58: 181297 | AK58: 181297
A59: 1984 | B59: 1 | C59: 274999 | D59: 274999 | E59: 274999 | F59: 274999 | G59: 274999 | H59: 274999 | I59: 274999 | J59: =J60/I60*I59 -> 345966.07 | K59: =K60/J60*J59 -> 351821.96 | L59: =K59 -> 351821.96 | M59: 352498 | N59: 352498 | O59: 352498 | P59: 352498 | Q59: 352498 | R59: 353094 | S59: 353094 | T59: 353094 | U59: 353094 | V59: 182358 | W59: 182358 | X59: 182358 | Y59: 182358 | Z59: 182358 | AA59: 181858 | AB59: 181858 | AC59: 181858 | AD59: 181858 | AE59: 181858 | AF59: 181858 | AG59: 181858 | AH59: =AG59 -> 181858 | AI59: 181858 | AJ59: 181858 | AK59: 181858
A60: 1984 | B60: 2 | C60: 275127 | D60: 275127 | E60: 275127 | F60: 275127 | G60: 275127 | H60: 275127 | I60: 275127 | J60: =J61/I61*I60 -> 346127.1 | K60: =K61/J61*J60 -> 351985.71 | L60: =K60 -> 351985.71 | M60: 351158 | N60: 351158 | O60: 351158 | P60: 351158 | Q60: 351158 | R60: 352450 | S60: 352450 | T60: 352450 | U60: 352450 | V60: 182025 | W60: 182025 | X60: 182025 | Y60: 182025 | Z60: 182025 | AA60: 181782 | AB60: 181782 | AC60: 181782 | AD60: 181782 | AE60: 181782 | AF60: 181782 | AG60: 181782 | AH60: =AG60 -> 181782 | AI60: 181782 | AJ60: 181782 | AK60: 181782
A61: 1984 | B61: 3 | C61: 275272 | D61: 275272 | E61: 275272 | F61: 275272 | G61: 275272 | H61: 275272 | I61: 275272 | J61: =J62/I62*I61 -> 346309.52 | K61: =K62/J62*J61 -> 352171.22 | L61: =K61 -> 352171.22 | M61: 354297 | N61: 354297 | O61: 354297 | P61: 354297 | Q61: 354297 | R61: 353661 | S61: 353661 | T61: 353661 | U61: 353661 | V61: 182651 | W61: 182651 | X61: 182651 | Y61: 182651 | Z61: 182651 | AA61: 183042 | AB61: 183042 | AC61: 183042 | AD61: 183042 | AE61: 183042 | AF61: 183042 | AG61: 183042 | AH61: =AG61 -> 183042 | AI61: 183042 | AJ61: 183042 | AK61: 183042
A62: 1984 | B62: 4 | C62: 275968 | D62: 275968 | E62: 275968 | F62: 275968 | G62: 275968 | H62: 275968 | I62: 275968 | J62: =J63/I63*I62 -> 347185.13 | K62: =K63/J63*J62 -> 353061.65 | L62: =K62 -> 353061.65 | M62: 357256 | N62: 357256 | O62: 357256 | P62: 357256 | Q62: 357256 | R62: 356004 | S62: 356004 | T62: 356004 | U62: 356004 | V62: 183861 | W62: 183861 | X62: 183861 | Y62: 183861 | Z62: 183861 | AA62: 184381 | AB62: 184381 | AC62: 184381 | AD62: 184381 | AE62: 184381 | AF62: 184381 | AG62: 184381 | AH62: =AG62 -> 184381 | AI62: 184381 | AJ62: 184381 | AK62: 184381
... A74: 1987 | B74: 4 | C74: 305082 | D74: 305082 | E74: 305082 | F74: 305082 | G74: 305082 | H74: 305082 | I74: 305082 | J74: =J75/I75*I74 -> 383812.38 | K74: =K75/J75*J74 -> 390308.86 | L74: =K74 -> 390308.86 | M74: 391290 | N74: 391290 | O74: 391290 | P74: 391290 | Q74: 391290 | R74: 389648 | S74: 389648 | T74: 389648 | U74: 389648 | V74: 201237 | W74: 201237 | X74: 201237 | Y74: 201237 | Z74: 201237 | AA74: 201608 | AB74: 201608 | AC74: 201608 | AD74: 201608 | AE74: 201608 | AF74: 201608 | AG74: 201608 | AH74: =AG74 -> 201608 | AI74: 201608 | AJ74: 201608 | AK74: 201608
A75: 1988 | B75: 1 | C75: 308723 | D75: 308723 | E75: 308723 | F75: 308723 | G75: 308723 | H75: 308723 | I75: 308723 | J75: =J76/K76*K75 -> 388392.98 | K75: 394967 | L75: 394967 | M75: 394746 | N75: 394746 | O75: 394746 | P75: 394746 | Q75: 394746 | R75: 395342 | S75: 395342 | T75: 395342 | U75: 395342 | V75: 204177 | W75: 204177 | X75: 204177 | Y75: 204177 | Z75: 204177 | AA75: 204426 | AB75: 204426 | AC75: 204426 | AD75: 204426 | AE75: 204426 | AF75: 204426 | AG75: 204426 | AH75: =AG75 -> 204426 | AI75: 204426 | AJ75: 204426 | AK75: 204426
A76: 1988 | B76: 2 | C76: 310305 | D76: 310305 | E76: 310305 | F76: 310305 | G76: 310305 | H76: 310305 | I76: 310305 | J76: =J77/K77*K76 -> 391219.15 | K76: 397841 | L76: 397841 | M76: 397781 | N76: 397781 | O76: 397781 | P76: 397781 | Q76: 397781 | R76: 398994 | S76: 398994 | T76: 398994 | U76: 398994 | V76: 206063 | W76: 206063 | X76: 206063 | Y76: 206063 | Z76: 206063 | AA76: 205275 | AB76: 205275 | AC76: 205275 | AD76: 205275 | AE76: 205275 | AF76: 205275 | AG76: 205275 | AH76: =AG76 -> 205275 | AI76: 205275 | AJ76: 205275 | AK76: 205275
A77: 1988 | B77: 3 | C77: 312467 | D77: 312467 | E77: 312467 | F77: 312467 | G77: 312467 | H77: 312467 | I77: 312467 | J77: =J78/K78*K77 -> 394703.18 | K77: 401384 | L77: 401384 | M77: 401096 | N77: 401096 | O77: 401096 | P77: 401096 | Q77: 401096 | R77: 401295 | S77: 401295 | T77: 401295 | U77: 401295 | V77: 207252 | W77: 207252 | X77: 207252 | Y77: 207252 | Z77: 207252 | AA77: 206999 | AB77: 206999 | AC77: 206999 | AD77: 206999 | AE77: 206999 | AF77: 206999 | AG77: 206999 | AH77: =AG77 -> 206999 | AI77: 206999 | AJ77: 206999 | AK77: 206999
A78: 1988 | B78: 4 | C78: 315470 | D78: 315470 | E78: 315470 | F78: 315470 | G78: 315470 | H78: 315470 | I78: 315470 | J78: =J79/K79*K78 -> 398536.3 | K78: 405282 | L78: 405282 | M78: 405850 | N78: 405850 | O78: 405850 | P78: 405850 | Q78: 405850 | R78: 403842 | S78: 403842 | T78: 403842 | U78: 403842 | V78: 208567 | W78: 208567 | X78: 208567 | Y78: 208567 | Z78: 208567 | AA78: 209734 | AB78: 209734 | AC78: 209734 | AD78: 209734 | AE78: 209734 | AF78: 209734 | AG78: 209734 | AH78: =AG78 -> 209734 | AI78: 209734 | AJ78: 209734 | AK78: 209734
A79: 1989 | B79: 1 | C79: 317377 | D79: 317377 | E79: 317377 | F79: 317377 | G79: 317377 | H79: 317377 | I79: 317377 | J79: =J80/K80*K79 -> 400857.02 | K79: 407642 | L79: 407642 | M79: 407584 | N79: 407584 | O79: 407584 | P79: 407584 | Q79: 407584 | R79: 407555 | S79: 407555 | T79: 407555 | U79: 407555 | V79: 210485 | W79: 210485 | X79: 210485 | Y79: 210485 | Z79: 210485 | AA79: 210479 | AB79: 210479 | AC79: 210479 | AD79: 210479 | AE79: 210479 | AF79: 210479 | AG79: 210479 | AH79: =AG79 -> 210479 | AI79: 210479 | AJ79: 210479 | AK79: 210479
A80: 1989 | B80: 2 | C80: 319084 | D80: 319084 | E80: 319084 | F80: 319084 | G80: 319084 | H80: 319084 | I80: 319084 | J80: =J81/K81*K80 -> 403153.15 | K80: 409977 | L80: 409977 | M80: 410153 | N80: 410153 | O80: 410153 | P80: 410153 | Q80: 410153 | R80: 409723 | S80: 409723 | T80: 409723 | U80: 409723 | V80: 211604 | W80: 211604 | X80: 211604 | Y80: 211604 | Z80: 211604 | AA80: 211203 | AB80: 211203 | AC80: 211203 | AD80: 211203 | AE80: 211203 | AF80: 211203 | AG80: 211203 | AH80: =AG80 -> 211203 | AI80: 211203 | AJ80: 211203 | AK80: 211203
A81: 1989 | B81: 3 | C81: 321280 | D81: 321280 | E81: 321280 | F81: 321280 | G81: 321280 | H81: 321280 | I81: 321280 | J81: =J82/K82*K81 -> 405121.83 | K81: 411979 | L81: 411979 | M81: 411996 | N81: 411996 | O81: 411996 | P81: 411996 | Q81: 411996 | R81: 412054 | S81: 412054 | T81: 412054 | U81: 412054 | V81: 212808 | W81: 212808 | X81: 212808 | Y81: 212808 | Z81: 212808 | AA81: 212548 | AB81: 212548 | AC81: 212548 | AD81: 212548 | AE81: 212548 | AF81: 212548 | AG81: 212548 | AH81: =AG81 -> 212548 | AI81: 212548 | AJ81: 212548 | AK81: 212548
A82: 1989 | B82: 4 | C82: 325165 | D82: 325165 | E82: 325165 | F82: 325165 | G82: 325165 | H82: 325165 | I82: 325165 | J82: =J83/K83*K82 -> 408885.13 | K82: 415806 | L82: 415806 | M82: 415670 | N82: 415670 | O82: 415670 | P82: 415670 | Q82: 415670 | R82: 416071 | S82: 416071 | T82: 416071 | U82: 416071 | V82: 214883 | W82: 214883 | X82: 214883 | Y82: 214883 | Z82: 214883 | AA82: 216071 | AB82: 216071 | AC82: 216071 | AD82: 216071 | AE82: 216071 | AF82: 216071 | AG82: 216071 | AH82: =AG82 -> 216071 | AI82: 216071 | AJ82: 216071 | AK82: 216071
A83: 1990 | B83: 1 | C83: 327208 | D83: 327208 | E83: 327208 | F83: 327208 | G83: 327208 | H83: 327208 | I83: 327208 | J83: =J84/K84*K83 -> 411846.01 | K83: 418817 | L83: 418817 | M83: 418705 | N83: 418705 | O83: 418705 | P83: 418705 | Q83: 418705 | R83: 419627 | S83: 419627 | T83: 419627 | U83: 419627 | V83: 216719 | W83: 216719 | X83: 216719 | Y83: 216719 | Z83: 216719 | AA83: 216721 | AB83: 216721 | AC83: 216721 | AD83: 216721 | AE83: 216721 | AF83: 216721 | AG83: 216721 | AH83: =AG83 -> 216721 | AI83: 216721 | AJ83: 216721 | AK83: 216721
A84: 1990 | B84: 2 | C84: 327324 | D84: 327324 | E84: 327324 | F84: 327324 | G84: 327324 | H84: 327324 | I84: 327324 | J84: =J85/K85*K84 -> 413055.54 | K84: 420047 | L84: 420047 | M84: 419923 | N84: 419923 | O84: 419923 | P84: 419923 | Q84: 419923 | R84: 419778 | S84: 419778 | T84: 419778 | U84: 419778 | V84: 216797 | W84: 216797 | X84: 216797 | Y84: 216797 | Z84: 216797 | AA84: 216789 | AB84: 216789 | AC84: 216789 | AD84: 216789 | AE84: 216789 | AF84: 216789 | AG84: 216789 | AH84: =AG84 -> 216789 | AI84: 216789 | AJ84: 216789 | AK84: 216789
A85: 1990 | B85: 3 | C85: 328675 | D85: 328675 | E85: 328675 | F85: 328675 | G85: 328675 | H85: 328675 | I85: 328675 | J85: =J86/K86*K85 -> 414653.49 | K85: 421672 | L85: 421672 | M85: 421305 | N85: 421305 | O85: 421305 | P85: 421305 | Q85: 421305 | R85: 421394 | S85: 421394 | T85: 421394 | U85: 421394 | V85: 217632 | W85: 217632 | X85: 217632 | Y85: 217632 | Z85: 217632 | AA85: 217668 | AB85: 217668 | AC85: 217668 | AD85: 217668 | AE85: 217668 | AF85: 217668 | AG85: 217668 | AH85: =AG85 -> 217668 | AI85: 217668 | AJ85: 217668 | AK85: 217668
A86: 1990 | B86: 4 | C86: 327451 | D86: 327451 | E86: 327451 | F86: 327451 | G86: 327451 | H86: 327451 | I86: 327451 | J86: =J87/K87*K86 -> 410402.45 | K86: 417349 | L86: 417349 | M86: 417952 | N86: 417952 | O86: 417952 | P86: 417952 | Q86: 417952 | R86: 417086 | S86: 417086 | T86: 417086 | U86: 417086 | V86: 215407 | W86: 215407 | X86: 215407 | Y86: 215407 | Z86: 215407 | AA86: 215301 | AB86: 215301 | AC86: 215301 | AD86: 215301 | AE86: 215301 | AF86: 215301 | AG86: 215301 | AH86: =AG86 -> 215301 | AI86: 215301 | AJ86: 215301 | AK86: 215301
... A102: 1994 | B102: 4 | C102: 340007 | D102: 340007 | E102: 340007 | F102: 339530 | G102: 339530 | H102: 339530 | I102: 339530 | J102: =J103/K103*K102 -> 430865.09 | K102: 438158 | L102: 438158 | M102: 438320 | N102: 438523 | O102: 438523 | P102: 438523 | Q102: 438523 | R102: 438121 | S102: 438121 | T102: 438121 | U102: 438121 | V102: 226271 | W102: 226271 | X102: 226271 | Y102: 226271 | Z102: 226271 | AA102: 226146 | AB102: 226146 | AC102: 226146 | AD102: 226146 | AE102: 226146 | AF102: 226146 | AG102: 226146 | AH102: =AG102 -> 226146 | AI102: 226146 | AJ102: 226146 | AK102: 226146
A103: 1995 | B103: 1 | C103: 345110 | D103: 345479 | E103: 345503 | F103: 345321 | G103: 345321 | H103: 345321 | I103: 345321 | J103: 438551 | K103: 445974 | L103: 445974 | M103: 445647 | N103: 446239 | O103: 446239 | P103: 446239 | Q103: 446239 | R103: 446022 | S103: 446022 | T103: 446022 | U103: 446022 | V103: 230351 | W103: 230351 | X103: 230351 | Y103: 230351 | Z103: 230351 | AA103: 230412 | AB103: 230412 | AC103: 230412 | AD103: 230412 | AE103: 230412 | AF103: 230412 | AG103: 230412 | AH103: =AG103 -> 230412 | AI103: 230412 | AJ103: 230412 | AK103: 230412
A104: 1995 | B104: 2 | C104: 345662 | D104: 345250 | E104: 345402 | F104: 344992 | G104: 344992 | H104: 344992 | I104: 344992 | J104: 437783 | K104: 446505 | L104: 446505 | M104: 446594 | N104: 446295 | O104: 446295 | P104: 446295 | Q104: 446295 | R104: 446173 | S104: 446173 | T104: 446173 | U104: 446173 | V104: 230429 | W104: 230429 | X104: 230429 | Y104: 230429 | Z104: 230429 | AA104: 230365 | AB104: 230365 | AC104: 230365 | AD104: 230365 | AE104: 230365 | AF104: 230365 | AG104: 230365 | AH104: =AG104 -> 230365 | AI104: 230365 | AJ104: 230365 | AK104: 230365
A105: 1995 | B105: 3 | C105: 347354 | D105: 347167 | E105: 346816 | F105: 347118 | G105: 347118 | H105: 347118 | I105: 347118 | J105: 439833 | K105: 446416 | L105: 446416 | M105: 446757 | N105: 446129 | O105: 446129 | P105: 446129 | Q105: 446129 | R105: 446643 | S105: 446643 | T105: 446643 | U105: 446643 | V105: 230672 | W105: 230672 | X105: 230672 | Y105: 230672 | Z105: 230672 | AA105: 230774 | AB105: 230774 | AC105: 230774 | AD105: 230774 | AE105: 230774 | AF105: 230774 | AG105: 230774 | AH105: =AG105 -> 230774 | AI105: 230774 | AJ105: 230774 | AK105: 230774
A106: 1995 | B106: 4 | C106: 347703 | D106: 347934 | E106: 348110 | F106: 348430 | G106: 348430 | H106: 348430 | I106: 348430 | J106: 441341 | K106: 448383 | L106: 448383 | M106: 448280 | N106: 448615 | O106: 448615 | P106: 448615 | Q106: 448615 | R106: 448441 | S106: 448441 | T106: 448441 | U106: 448441 | V106: 231600 | W106: 231600 | X106: 231600 | Y106: 231600 | Z106: 231600 | AA106: 232021 | AB106: 232021 | AC106: 232021 | AD106: 232021 | AE106: 232021 | AF106: 232021 | AG106: 232021 | AH106: =AG106 -> 232021 | AI106: 232021 | AJ106: 232021 | AK106: 232021
A107: 1996 | B107: 1 | C107: 349169 | D107: 350031 | E107: 350338 | F107: 350855 | G107: 350976 | H107: 351104 | I107: 351184 | J107: 446901 | K107: 451475 | L107: 451475 | M107: 451299 | N107: 451933 | O107: 451933 | P107: 451933 | Q107: 451933 | R107: 453317 | S107: 453317 | T107: 453317 | U107: 453317 | V107: 233619 | W107: 233617 | X107: 233617 | Y107: 233617 | Z107: 233617 | AA107: 234437 | AB107: 234437 | AC107: 234437 | AD107: 234437 | AE107: 234437 | AF107: 234437 | AG107: 234437 | AH107: =AG107 -> 234437 | AI107: 234437 | AJ107: 234437 | AK107: 234437
A108: 1996 | B108: 2 | C108: 347614 | D108: 346966 | E108: 347223 | F108: 347625 | G108: 347379 | H108: 347449 | I108: 347541 | J108: 442233 | K108: 449509 | L108: 449509 | M108: 449496 | N108: 449795 | O108: 449795 | P108: 449795 | Q108: 449795 | R108: 449286 | S108: 449286 | T108: 449286 | U108: 449286 | V108: 232136 | W108: 232244 | X108: 232244 | Y108: 232244 | Z108: 232244 | AA108: 232685 | AB108: 232685 | AC108: 232685 | AD108: 232685 | AE108: 232685 | AF108: 232685 | AG108: 232685 | AH108: =AG108 -> 232685 | AI108: 232685 | AJ108: 232685 | AK108: 232685
A109: 1996 | B109: 3 | C109: 350149 | D109: 349496 | E109: 348953 | F109: 348904 | G109: 348865 | H109: 348855 | I109: 348670 | J109: 443032 | K109: 451706 | L109: 451706 | M109: 451779 | N109: 453101 | O109: 453101 | P109: 453101 | Q109: 453101 | R109: 452251 | S109: 452251 | T109: 452251 | U109: 452251 | V109: 233727 | W109: 233706 | X109: 233706 | Y109: 233706 | Z109: 233706 | AA109: 233452 | AB109: 233452 | AC109: 233452 | AD109: 233452 | AE109: 233452 | AF109: 233452 | AG109: 233452 | AH109: =AG109 -> 233452 | AI109: 233452 | AJ109: 233452 | AK109: 233452
A110: 1996 | B110: 4 | C110: 348475 | D110: 348916 | E110: 348894 | F110: 347634 | G110: 347798 | H110: 347609 | I110: 347623 | J110: 440373 | K110: 450056 | L110: 450056 | M110: 450173 | N110: 451985 | O110: 451985 | P110: 451985 | Q110: 451985 | R110: 451961 | S110: 451961 | T110: 451961 | U110: 451961 | V110: 233661 | W110: 233575 | X110: 233575 | Y110: 233575 | Z110: 233575 | AA110: 232391 | AB110: 232391 | AC110: 232391 | AD110: 232391 | AE110: 232391 | AF110: 232391 | AG110: 232391 | AH110: =AG110 -> 232391 | AI110: 232391 | AJ110: 232391 | AK110: 232391
A111: 1997 | B111: 1 | C111: 347865 | D111: 347950 | E111: 348157 | F111: 347759 | G111: 347988 | H111: 348137 | I111: 348101 | J111: 441778 | K111: 449233 | L111: 449460 | M111: 449094 | N111: 451243 | O111: 451243 | P111: 451243 | Q111: 451243 | R111: 453203 | S111: 453203 | T111: 453203 | U111: 453203 | V111: 233910 | W111: 233905 | X111: 233905 | Y111: 233905 | Z111: 233882 | AA111: 232804 | AB111: 232804 | AC111: 232804 | AD111: 232804 | AE111: 232804 | AF111: 232804 | AG111: 232804 | AH111: =AG111 -> 232804 | AI111: 232804 | AJ111: 232804 | AK111: 232804
A112: 1997 | B112: 2 | D112: 353596 | E112: 354629 | F112: 354367 | G112: 354709 | H112: 354330 | I112: 354418 | J112: 450883 | K112: 456818 | L112: 456811 | M112: 456945 | N112: 460039 | O112: 460039 | P112: 460039 | Q112: 460039 | R112: 461026 | S112: 461026 | T112: 461026 | U112: 461026 | V112: 238119 | W112: 238149 | X112: 238149 | Y112: 238149 | Z112: 238201 | AA112: 238363 | AB112: 238363 | AC112: 238363 | AD112: 238363 | AE112: 238363 | AF112: 238363 | AG112: 238363 | AH112: =AG112 -> 238363 | AI112: 238363 | AJ112: 238363 | AK112: 238363
A113: 1997 | B113: 3 | E113: 356179 | F113: 356652 | G113: 356387 | H113: 356273 | I113: 356312 | J113: 452453 | K113: 460131 | L113: 460100 | M113: 460105 | N113: 462621 | O113: 462621 | P113: 462621 | Q113: 462621 | R113: 462995 | S113: 462995 | T113: 462995 | U113: 462995 | V113: 239048 | W113: 239125 | X113: 239125 | Y113: 239125 | Z113: 239108 | AA113: 239503 | AB113: 239503 | AC113: 239503 | AD113: 239503 | AE113: 239503 | AF113: 239503 | AG113: 239503 | AH113: =AG113 -> 239503 | AI113: 239503 | AJ113: 239503 | AK113: 239503
A114: 1997 | B114: 4 | F114: 357277 | G114: 356971 | H114: 357315 | I114: 357224 | J114: 453237 | K114: 463282 | L114: 463093 | M114: 463320 | N114: 465720 | O114: 465720 | P114: 465720 | Q114: 465720 | R114: 466202 | S114: 466202 | T114: 466202 | U114: 466202 | V114: 240973 | W114: 240871 | X114: 240871 | Y114: 240871 | Z114: 240855 | AA114: 241394 | AB114: 241394 | AC114: 241394 | AD114: 241394 | AE114: 241394 | AF114: 241394 | AG114: 241394 | AH114: =AG114 -> 241394 | AI114: 241394 | AJ114: 241394 | AK114: 241394
A115: 1998 | B115: 1 | G115: 356570 | H115: 356842 | I115: 356673 | J115: 452353 | K115: 461149 | L115: 460894 | M115: 460904 | N115: 464691 | O115: 464101 | P115: 464053 | Q115: 463822 | R115: 466850 | S115: 466850 | T115: 466850 | U115: 466850 | V115: 241136 | W115: 241238 | X115: 241238 | Y115: 241238 | Z115: 241283 | AA115: 241275 | AB115: 241275 | AC115: 241275 | AD115: 241275 | AE115: 241275 | AF115: 241275 | AG115: 241275 | AH115: =AG115 -> 241275 | AI115: 241275 | AJ115: 241275 | AK115: 241275
A116: 1998 | B116: 2 | H116: 358392 | I116: 358695 | J116: 456002 | K116: 462733 | L116: 463171 | M116: 463169 | N116: 466714 | O116: 466683 | P116: 466870 | Q116: 466747 | R116: 468651 | S116: 468651 | T116: 468651 | U116: 468651 | V116: 242030 | W116: 242124 | X116: 242124 | Y116: 242124 | Z116: 242255 | AA116: 242369 | AB116: 242369 | AC116: 242369 | AD116: 242369 | AE116: 242369 | AF116: 242369 | AG116: 242369 | AH116: =AG116 -> 242369 | AI116: 242369 | AJ116: 242369 | AK116: 242369
A117: 1998 | B117: 3 | I117: 360499 | J117: 458478 | K117: 465594 | L117: 465966 | M117: 465780 | N117: 468476 | O117: 469284 | P117: 469171 | Q117: 469417 | R117: 471699 | S117: 471699 | T117: 471699 | U117: 471699 | V117: 243480 | W117: 243456 | X117: 243456 | Y117: 243456 | Z117: 243354 | AA117: 243112 | AB117: 243112 | AC117: 243112 | AD117: 243112 | AE117: 243112 | AF117: 243112 | AG117: 243112 | AH117: =AG117 -> 243112 | AI117: 243112 | AJ117: 243112 | AK117: 243112
A118: 1998 | B118: 4 | J118: 457170 | K118: 464457 | L118: 463902 | M118: 464081 | N118: 467915 | O118: 467730 | P118: 467703 | Q118: 467811 | R118: 469608 | S118: 469608 | T118: 469608 | U118: 469608 | V118: 242484 | W118: 242312 | X118: 242312 | Y118: 242312 | Z118: 242237 | AA118: 241927 | AB118: 241927 | AC118: 241927 | AD118: 241927 | AE118: 241927 | AF118: 241927 | AG118: 241927 | AH118: =AG118 -> 241927 | AI118: 241927 | AJ118: 241927 | AK118: 241927
A119: 1999 | B119: 1 | K119: 465212 | L119: 464746 | M119: 465105 | N119: 469382 | O119: 468985 | P119: 469069 | Q119: 469432 | R119: 471880 | S119: 471924 | T119: 471337 | U119: 471197 | V119: 243340 | W119: 243503 | X119: 243503 | Y119: 243503 | Z119: 243686 | AA119: 243593 | AB119: 243593 | AC119: 243593 | AD119: 243544 | AE119: 243411 | AF119: 243411 | AG119: 243411 | AH119: 243411 | AI119: 243411 | AJ119: 243411 | AK119: 243411
A120: 1999 | B120: 2 | L120: 466690 | M120: 466862 | N120: 471917 | O120: 471757 | P120: 472043 | Q120: 471533 | R120: 474759 | S120: 474678 | T120: 474931 | U120: 474516 | V120: 244723 | W120: 244682 | X120: 244682 | Y120: 244682 | Z120: 244987 | AA120: 245051 | AB120: 245051 | AC120: 245051 | AD120: 244937 | AE120: 244794 | AF120: 244794 | AG120: 244794 | AH120: 244794 | AI120: 244794 | AJ120: 244794 | AK120: 244794
A121: 1999 | B121: 3 | M121: 471220 | N121: 475536 | O121: 475381 | P121: 475378 | Q121: 475346 | R121: 478243 | S121: 478000 | T121: 478263 | U121: 478443 | V121: 246973 | W121: 246951 | X121: 246951 | Y121: 246951 | Z121: 246984 | AA121: 246842 | AB121: 246842 | AC121: 246842 | AD121: 246710 | AE121: 246867 | AF121: 246867 | AG121: 246867 | AH121: 246867 | AI121: 246867 | AJ121: 246867 | AK121: 246867
A122: 1999 | B122: 4 | N122: 477572 | O122: 478285 | P122: 477918 | Q122: 478097 | R122: 482183 | S122: 482462 | T122: 482534 | U122: 482908 | V122: 249530 | W122: 249431 | X122: 249431 | Y122: 249431 | Z122: 249596 | AA122: 249191 | AB122: 249191 | AC122: 249191 | AD122: 249521 | AE122: 249641 | AF122: 249641 | AG122: 249641 | AH122: 249641 | AI122: 249641 | AJ122: 249641 | AK122: 249641
A123: 2000 | B123: 1 | O123: 482979 | P123: 483026 | Q123: 483324 | R123: 487460 | S123: 487385 | T123: 486960 | U123: 487266 | V123: 251466 | W123: 251229 | X123: 251223 | Y123: 251300 | Z123: 252006 | AA123: 252040 | AB123: 252040 | AC123: 252040 | AD123: 251845 | AE123: 252002 | AF123: 252002 | AG123: 252002 | AH123: 252002 | AI123: 252002 | AJ123: 252002 | AK123: 252002
A124: 2000 | B124: 2 | P124: 484354 | Q124: 484525 | R124: 488468 | S124: 489069 | T124: 489273 | U124: 489159 | V124: 252265 | W124: 252126 | X124: 252071 | Y124: 252066 | Z124: 252979 | AA124: 253346 | AB124: 253346 | AC124: 253346 | AD124: 253014 | AE124: 252942 | AF124: 252942 | AG124: 252942 | AH124: 252942 | AI124: 252942 | AJ124: 252942 | AK124: 252942
A125: 2000 | B125: 3 | Q125: 487431 | R125: 491309 | S125: 491097 | T125: 491211 | U125: 491054 | V125: 253501 | W125: 253594 | X125: 253542 | Y125: 253476 | Z125: 254448 | AA125: 254889 | AB125: 254889 | AC125: 254889 | AD125: 254612 | AE125: 254870 | AF125: 254870 | AG125: 254870 | AH125: 254870 | AI125: 254870 | AJ125: 254870 | AK125: 254870
A126: 2000 | B126: 4 | R126: 495413 | S126: 495098 | T126: 495205 | U126: 495171 | V126: 255570 | W126: 255854 | X126: 255967 | Y126: 255960 | Z126: 256759 | AA126: 256806 | AB126: 256806 | AC126: 256806 | AD126: 256375 | AE126: 256031 | AF126: 256031 | AG126: 256031 | AH126: 256031 | AI126: 256031 | AJ126: 256031 | AK126: 256031
A127: 2001 | B127: 1 | S127: 499250 | T127: 499334 | U127: 499546 | V127: 257726 | W127: 257631 | X127: 257626 | Y127: 257665 | Z127: 258575 | AA127: 258684 | AB127: 258713 | AC127: 258732 | AD127: 258296 | AE127: 258250 | AF127: 258250 | AG127: 258250 | AH127: 258250 | AI127: 258250 | AJ127: 258250 | AK127: 258250
A128: 2001 | B128: 2 | T128: 499490 | U128: 499441 | V128: 257712 | W128: 257864 | X128: 257801 | Y128: 257867 | Z128: 258654 | AA128: 258580 | AB128: 258627 | AC128: 258624 | AD128: 258266 | AE128: 258332 | AF128: 258332 | AG128: 258332 | AH128: 258332 | AI128: 258332 | AJ128: 258332 | AK128: 258332
A129: 2001 | B129: 3 | U129: 500216 | V129: 258005 | W129: 257951 | X129: 257974 | Y129: 257824 | Z129: 258831 | AA129: 258692 | AB129: 258655 | AC129: 258702 | AD129: 258235 | AE129: 258233 | AF129: 258233 | AG129: 258233 | AH129: 258233 | AI129: 258233 | AJ129: 258233 | AK129: 258233
A130: 2001 | B130: 4 | V130: 257467 | W130: 257337 | X130: 257381 | Y130: 257426 | Z130: 258489 | AA130: 258536 | AB130: 258497 | AC130: 258435 | AD130: 258021 | AE130: 258003 | AF130: 258003 | AG130: 258003 | AH130: 258003 | AI130: 258003 | AJ130: 258003 | AK130: 258003
A131: 2002 | B131: 1 | W131: 257821 | X131: 257679 | Y131: 257765 | Z131: 258500 | AA131: 258499 | AB131: 258525 | AC131: 258553 | AD131: 258054 | AE131: 258078 | AF131: 258117 | AG131: 258042 | AH131: 258082 | AI131: 258082 | AJ131: 258082 | AK131: 258082
A132: 2002 | B132: 2 | X132: 258264 | Y132: 258292 | Z132: 259029 | AA132: 259403 | AB132: 259301 | AC132: 259273 | AD132: 258782 | AE132: 258847 | AF132: 258905 | AG132: 258896 | AH132: 258930 | AI132: 258930 | AJ132: 258930 | AK132: 258930
A133: 2002 | B133: 3 | Y133: 259026 | Z133: 259897 | AA133: 259709 | AB133: 259772 | AC133: 259803 | AD133: 259410 | AE133: 259398 | AF133: 259399 | AG133: 259439 | AH133: 259581 | AI133: 259581 | AJ133: 259581 | AK133: 259581
A134: 2002 | B134: 4 | Z134: 260969 | AA134: 260794 | AB134: 260808 | AC134: 260777 | AD134: 260358 | AE134: 260280 | AF134: 260183 | AG134: 260227 | AH134: 260364 | AI134: 260364 | AJ134: 260364 | AK134: 260364
A135: 2003 | B135: 1 | AA135: 260550 | AB135: 260423 | AC135: 260276 | AD135: 259723 | AE135: 259744 | AF135: 259793 | AG135: 259829 | AH135: 259948 | AI135: 259946 | AJ135: 260016 | AK135: 260007
A136: 2003 | B136: 2 | AB136: 260202 | AC136: 259942 | AD136: 259425 | AE136: 259457 | AF136: 259458 | AG136: 259471 | AH136: 259572 | AI136: 259548 | AJ136: 259566 | AK136: 259466
A137: 2003 | B137: 3 | AC137: 261232 | AD137: 260591 | AE137: 260545 | AF137: 260510 | AG137: 260479 | AH137: 260595 | AI137: 260596 | AJ137: 260575 | AK137: 260583
A138: 2003 | B138: 4 | AD138: 260561 | AE138: 260555 | AF138: 260541 | AG138: 260521 | AH138: 260521 | AI138: 260546 | AJ138: 260479 | AK138: 260579
A139: 2004 | B139: 1 | AE139: 261700 | AF139: 261908 | AG139: 261949 | AH139: 261732 | AI139: 261758 | AJ139: 261813 | AK139: 261845
A140: 2004 | B140: 2 | AF140: 262651 | AG140: 262890 | AH140: 262661 | AI140: 262707 | AJ140: 262620 | AK140: 262592
A141: 2004 | B141: 3 | AG141: 263979 | AH141: 263711 | AI141: 263686 | AJ141: 263663 | AK141: 263637
A142: 2004 | B142: 4 | AH142: 262584 | AI142: 262536 | AJ142: 262591 | AK142: 262614
A143: 2005 | B143: 1 | AI143: 261190 | AJ143: 261222 | AK143: 261181
A144: 2005 | B144: 2 | AJ144: 262948 | AK144: 263087
A145: 2005 | B145: 3 | AK145: 263800
A146: 2005 | B146: 4
A147: 2006 | B147: 1
A148: 2006 | B148: 2
A149: 2006 | B149: 3
A150: 2006 | B150: 4

Sheet chainindex
A1: YEAR | B1: QTR | C1: GDP054 | D1: GDP061 | E1: GDP062 | F1: GDP063 | G1: GDP064 | H1: GDP071 | I1: GDP072 | J1: GDP073 | K1: GDP074 | L1: GDP081 | M1: GDP082 | N1: GDP083 | O1: GDP084 | P1: GDP091 | Q1: GDP092 | R1: GDP093 | S1: GDP094 | T1: GDP101 | U1: GDP102 | V1: GDP103 | W1: GDP104 | X1: GDP111 | Y1: GDP112 | Z1: GDP113 | AA1: GDP114 | AB1: GDP121 | AC1: GDP122 | AD1: GDP123 | AE1: GDP124 | AF1: GDP131 | AG1: GDP102 | AH1: GDP103 | AI1: GDP104 | AJ1: GDP141 | AK1: GDP142
C2: y71 | D2: y72 | E2: y73 | F2: y74 | G2: y75 | H2: y76 | I2: y77 | J2: y78 | K2: y79 | L2: y80 | M2: y81 | N2: y82 | O2: y83 | P2: y84 | Q2: y85 | R2: y86 | S2: y87 | T2: y88 | U2: y89 | V2: y90 | W2: y91 | X2: y92 | Y2: y93 | Z2: y94 | AA2: y95 | AB2: y96 | AC2: y97 | AD2: y98 | AE2: y99 | AF2: y100 | AG2: y101 | AH2: y102 | AI2: y103 | AJ2: y104 | AK2: y105
A3: 1970 | B3: 1 | C3: ='sec95'!AK3/'sec95'!AK4*C4 -> 137233.89 | D3: =C3/C4*D4 -> 137414.76 | E3: =D3/D4*E4 -> 137414.76 | F3: =E3/E4*F4 -> 137414.76 | G3: =F3/F4*G4 -> 137414.76 | H3: =G3/G4*H4 -> 137414.76 | I3: =H3/H4*I4 -> 137414.76 | J3: =I3/I4*J4 -> 137414.76 | K3: =J3/J4*K4 -> 137420.9 | ... S3: =R3/R4*S4 -> 137420.9 | T3: =T4*S3/S4 -> 137420.9 | U3: =U4*T3/T4 -> 137420.9 | V3: =V4*U3/U4 -> 137420.9 | W3: =W4*V3/V4 -> 137420.9 | X3: =X4*W3/W4 -> 137420.9 | Y3: =Y4*X3/X4 -> 137420.9 | Z3: =Z4*Y3/Y4 -> 157996.96 | AA3: =AA4*Z3/Z4 -> 157996.96 | ... AK3: =AK4*AJ3/AJ4 -> 157996.96
A4: 1970 | B4: 2 | C4: ='sec95'!AK4/'sec95'!AK5*C5 -> 138235.89 | D4: =C4/C5*D5 -> 138418.09 | E4: =D4/D5*E5 -> 138418.09 | F4: =E4/E5*F5 -> 138418.09 | G4: =F4/F5*G5 -> 138418.09 | H4: =G4/G5*H5 -> 138418.09 | I4: =H4/H5*I5 -> 138418.09 | J4: =I4/I5*J5 -> 138418.09 | K4: =J4/J5*K5 -> 138424.28 | ... S4: =R4/R5*S5 -> 138424.28 | T4: =T5*S4/S5 -> 138424.28 | U4: =U5*T4/T5 -> 138424.28 | V4: =V5*U4/U5 -> 138424.28 | W4: =W5*V4/V5 -> 138424.28 | X4: =X5*W4/W5 -> 138424.28 | Y4: =Y5*X4/X5 -> 138424.28 | Z4: =Z5*Y4/Y5 -> 159150.57 | AA4: =AA5*Z4/Z5 -> 159150.57 | ... AK4: =AK5*AJ4/AJ5 -> 159150.57
A5: 1970 | B5: 3 | C5: ='sec95'!AK5/'sec95'!AK6*C6 -> 141010.07 | D5: =C5/C6*D6 -> 141195.92 | E5: =D5/D6*E6 -> 141195.92 | F5: =E5/E6*F6 -> 141195.92 | G5: =F5/F6*G6 -> 141195.92 | H5: =G5/G6*H6 -> 141195.92 | I5: =H5/H6*I6 -> 141195.92 | J5: =I5/I6*J6 -> 141195.92 | K5: =J5/J6*K6 -> 141202.23 | ... S5: =R5/R6*S6 -> 141202.23 | T5: =T6*S5/S6 -> 141202.23 | U5: =U6*T5/T6 -> 141202.23 | V5: =V6*U5/U6 -> 141202.23 | W5: =W6*V5/V6 -> 141202.23 | X5: =X6*W5/W6 -> 141202.23 | Y5: =Y6*X5/X6 -> 141202.23 | Z5: =Z6*Y5/Y6 -> 162344.47 | AA5: =AA6*Z5/Z6 -> 162344.47 | ... AK5: =AK6*AJ5/AJ6 -> 162344.47
A6: 1970 | B6: 4 | C6: ='sec95'!AK6/'sec95'!AK7*C7 -> 141167.31 | D6: =C6/C7*D7 -> 141353.37 | E6: =D6/D7*E7 -> 141353.37 | F6: =E6/E7*F7 -> 141353.37 | G6: =F6/F7*G7 -> 141353.37 | H6: =G6/G7*H7 -> 141353.37 | I6: =H6/H7*I7 -> 141353.37 | J6: =I6/I7*J7 -> 141353.37 | K6: =J6/J7*K7 -> 141359.69 | ... S6: =R6/R7*S7 -> 141359.69 | T6: =T7*S6/S7 -> 141359.69 | U6: =U7*T6/T7 -> 141359.69 | V6: =V7*U6/U7 -> 141359.69 | W6: =W7*V6/V7 -> 141359.69 | X6: =X7*W6/W7 -> 141359.69 | Y6: =Y7*X6/X7 -> 141359.69 | Z6: =Z7*Y6/Y7 -> 162525.51 | AA6: =AA7*Z6/Z7 -> 162525.51 | ... AK6: =AK7*AJ6/AJ7 -> 162525.51
A7: 1971 | B7: 1 | C7: ='sec95'!AK7/'sec95'!AK8*C8 -> 140429.29 | D7: =C7/C8*D8 -> 140614.38 | E7: =D7/D8*E8 -> 140614.38 | F7: =E7/E8*F8 -> 140614.38 | G7: =F7/F8*G8 -> 140614.38 | H7: =G7/G8*H8 -> 140614.38 | I7: =H7/H8*I8 -> 140614.38 | J7: =I7/I8*J8 -> 140614.38 | K7: =J7/J8*K8 -> 140620.67 | ... S7: =R7/R8*S8 -> 140620.67 | T7: =T8*S7/S8 -> 140620.67 | U7: =U8*T7/T8 -> 140620.67 | V7: =V8*U7/U8 -> 140620.67 | W7: =W8*V7/V8 -> 140620.67 | X7: =X8*W7/W8 -> 140620.67 | Y7: =Y8*X7/X8 -> 140620.67 | Z7: =Z8*Y7/Y8 -> 161675.82 | AA7: =AA8*Z7/Z8 -> 161675.82 | ... AK7: =AK8*AJ7/AJ8 -> 161675.82
A8: 1971 | B8: 2 | C8: ='sec95'!AK8/'sec95'!AK9*C9 -> 141021.55 | D8: =C8/C9*D9 -> 141207.41 | E8: =D8/D9*E9 -> 141207.41 | F8: =E8/E9*F9 -> 141207.41 | G8: =F8/F9*G9 -> 141207.41 | H8: =G8/G9*H9 -> 141207.41 | I8: =H8/H9*I9 -> 141207.41 | J8: =I8/I9*J9 -> 141207.41 | K8: =J8/J9*K9 -> 141213.73 | ... S8: =R8/R9*S9 -> 141213.73 | T8: =T9*S8/S9 -> 141213.73 | U8: =U9*T8/T9 -> 141213.73 | V8: =V9*U8/U9 -> 141213.73 | W8: =W9*V8/V9 -> 141213.73 | X8: =X9*W8/W9 -> 141213.73 | Y8: =Y9*X8/X9 -> 141213.73 | Z8: =Z9*Y8/Y9 -> 162357.68 | AA8: =AA9*Z8/Z9 -> 162357.68 | ... AK8: =AK9*AJ8/AJ9 -> 162357.68
A9: 1971 | B9: 3 | C9: ='sec95'!AK9/'sec95'!AK10*C10 -> 143087.54 | D9: =C9/C10*D10 -> 143276.13 | E9: =D9/D10*E10 -> 143276.13 | F9: =E9/E10*F10 -> 143276.13 | G9: =F9/F10*G10 -> 143276.13 | H9: =G9/G10*H10 -> 143276.13 | I9: =H9/H10*I10 -> 143276.13 | J9: =I9/I10*J10 -> 143276.13 | K9: =J9/J10*K10 -> 143282.54 | ... S9: =R9/R10*S10 -> 143282.54 | T9: =T10*S9/S10 -> 143282.54 | U9: =U10*T9/T10 -> 143282.54 | V9: =V10*U9/U10 -> 143282.54 | W9: =W10*V9/V10 -> 143282.54 | X9: =X10*W9/W10 -> 143282.54 | Y9: =Y10*X9/X10 -> 143282.54 | Z9: =Z10*Y9/Y10 -> 164736.26 | AA9: =AA10*Z9/Z10 -> 164736.26 | ... AK9: =AK10*AJ9/AJ10 -> 164736.26
A10: 1971 | B10: 4 | C10: ='sec95'!AK10/'sec95'!AK11*C11 -> 143894.43 | D10: =C10/C11*D11 -> 144084.08 | E10: =D10/D11*E11 -> 144084.08 | F10: =E10/E11*F11 -> 144084.08 | G10: =F10/F11*G11 -> 144084.08 | H10: =G10/G11*H11 -> 144084.08 | I10: =H10/H11*I11 -> 144084.08 | J10: =I10/I11*J11 -> 144084.08 | K10: =J10/J11*K11 -> 144090.52 | ... S10: =R10/R11*S11 -> 144090.52 | T10: =T11*S10/S11 -> 144090.52 | U10: =U11*T10/T11 -> 144090.52 | V10: =V11*U10/U11 -> 144090.52 | W10: =W11*V10/V11 -> 144090.52 | X10: =X11*W10/W11 -> 144090.52 | Y10: =Y11*X10/X11 -> 144090.52 | Z10: =Z11*Y10/Y11 -> 165665.23 | AA10: =AA11*Z10/Z11 -> 165665.23 | ... AK10: =AK11*AJ10/AJ11 -> 165665.23
A11: 1972 | B11: 1 | C11: ='sec95'!AK11/'sec95'!AK12*C12 -> 145485.25 | D11: =C11/C12*D12 -> 145677 | E11: =D11/D12*E12 -> 145677 | F11: =E11/E12*F12 -> 145677 | G11: =F11/F12*G12 -> 145677 | H11: =G11/G12*H12 -> 145677 | I11: =H11/H12*I12 -> 145677 | J11: =I11/I12*J12 -> 145677 | K11: =J11/J12*K12 -> 145683.51 | ... S11: =R11/R12*S12 -> 145683.51 | T11: =T12*S11/S12 -> 145683.51 | U11: =U12*T11/T12 -> 145683.51 | V11: =V12*U11/U12 -> 145683.51 | W11: =W12*V11/V12 -> 145683.51 | X11: =X12*W11/W12 -> 145683.51 | Y11: =Y12*X11/X12 -> 145683.51 | Z11: =Z12*Y11/Y12 -> 167496.73 | AA11: =AA12*Z11/Z12 -> 167496.73 | ... AK11: =AK12*AJ11/AJ12 -> 167496.73
A12: 1972 | B12: 2 | C12: ='sec95'!AK12/'sec95'!AK13*C13 -> 145418.68 | D12: =C12/C13*D13 -> 145610.34 | E12: =D12/D13*E13 -> 145610.34 | F12: =E12/E13*F13 -> 145610.34 | G12: =F12/F13*G13 -> 145610.34 | H12: =G12/G13*H13 -> 145610.34 | I12: =H12/H13*I13 -> 145610.34 | J12: =I12/I13*J13 -> 145610.34 | K12: =J12/J13*K13 -> 145616.85 | ... S12: =R12/R13*S13 -> 145616.85 | T12: =T13*S12/S13 -> 145616.85 | U12: =U13*T12/T13 -> 145616.85 | V12: =V13*U12/U13 -> 145616.85 | W12: =W13*V12/V13 -> 145616.85 | X12: =X13*W12/W13 -> 145616.85 | Y12: =Y13*X12/X13 -> 145616.85 | Z12: =Z13*Y12/Y13 -> 167420.09 | AA12: =AA13*Z12/Z13 -> 167420.09 | ... AK12: =AK13*AJ12/AJ13 -> 167420.09
A13: 1972 | B13: 3 | C13: ='sec95'!AK13/'sec95'!AK14*C14 -> 147379.08 | D13: =C13/C14*D14 -> 147573.33 | E13: =D13/D14*E14 -> 147573.33 | F13: =E13/E14*F14 -> 147573.33 | G13: =F13/F14*G14 -> 147573.33 | H13: =G13/G14*H14 -> 147573.33 | I13: =H13/H14*I14 -> 147573.33 | J13: =I13/I14*J14 -> 147573.33 | K13: =J13/J14*K14 -> 147579.92 | ... S13: =R13/R14*S14 -> 147579.92 | T13: =T14*S13/S14 -> 147579.92 | U13: =U14*T13/T14 -> 147579.92 | V13: =V14*U13/U14 -> 147579.92 | W13: =W14*V13/V14 -> 147579.92 | X13: =X14*W13/W14 -> 147579.92 | Y13: =Y14*X13/X14 -> 147579.92 | Z13: =Z14*Y13/Y14 -> 169677.09 | AA13: =AA14*Z13/Z14 -> 169677.09 | ... AK13: =AK14*AJ13/AJ14 -> 169677.09
A14: 1972 | B14: 4 | C14: ='sec95'!AK14/'sec95'!AK15*C15 -> 148079.22 | D14: =C14/C15*D15 -> 148274.39 | E14: =D14/D15*E15 -> 148274.39 | F14: =E14/E15*F15 -> 148274.39 | G14: =F14/F15*G15 -> 148274.39 | H14: =G14/G15*H15 -> 148274.39 | I14: =H14/H15*I15 -> 148274.39 | J14: =I14/I15*J15 -> 148274.39 | K14: =J14/J15*K15 -> 148281.02 | ... S14: =R14/R15*S15 -> 148281.02 | T14: =T15*S14/S15 -> 148281.02 | U14: =U15*T14/T15 -> 148281.02 | V14: =V15*U14/U15 -> 148281.02 | W14: =W15*V14/V15 -> 148281.02 | X14: =X15*W14/W15 -> 148281.02 | Y14: =Y15*X14/X15 -> 148281.02 | Z14: =Z15*Y14/Y15 -> 170483.17 | AA14: =AA15*Z14/Z15 -> 170483.17 | ... AK14: =AK15*AJ14/AJ15 -> 170483.17
... A46: 1980 | B46: 4 | C46: ='sec95'!AK46/'sec95'!AK47*C47 -> 201717.63 | D46: =C46/C47*D47 -> 201983.5 | E46: =D46/D47*E47 -> 201983.5 | F46: =E46/E47*F47 -> 201983.5 | G46: =F46/F47*G47 -> 201983.5 | H46: =G46/G47*H47 -> 201983.5 | I46: =H46/H47*I47 -> 201983.5 | J46: =I46/I47*J47 -> 201983.5 | K46: =J46/J47*K47 -> 201992.53 | ... S46: =R46/R47*S47 -> 201992.53 | T46: =T47*S46/S47 -> 201992.53 | U46: =U47*T46/T47 -> 201992.53 | V46: =V47*U46/U47 -> 201992.53 | W46: =W47*V46/V47 -> 201992.53 | X46: =X47*W46/W47 -> 201992.53 | Y46: =Y47*X46/X47 -> 201992.53 | Z46: =Z47*Y46/Y47 -> 232236.91 | AA46: =AA47*Z46/Z47 -> 232236.91 | ... AK46: =AK47*AJ46/AJ47 -> 232236.91
A47: 1981 | B47: 1 | C47: 201063 | D47: 201328 | E47: 201328 | F47: 201328 | G47: 201328 | H47: 201328 | I47: 201328 | J47: 201328 | K47: 201337 | L47: 201337 | M47: 201337 | N47: 201337 | O47: 201337 | P47: 201337 | Q47: =P47 -> 201337 | R47: =Q47 -> 201337 | S47: =R47 -> 201337 | T47: =T48*S47/S48 -> 201337 | U47: =U48*T47/T48 -> 201337 | V47: =V48*U47/U48 -> 201337 | W47: =W48*V47/V48 -> 201337 | X47: =X48*W47/W48 -> 201337 | Y47: =Y48*X47/X48 -> 201337 | Z47: =Z48*Y47/Y48 -> 231483.23 | AA47: =AA48*Z47/Z48 -> 231483.23 | ... AK47: =AK48*AJ47/AJ48 -> 231483.23
A48: 1981 | B48: 2 | C48: 201806 | D48: 201683 | E48: 201683 | F48: 201683 | G48: 201683 | H48: 201683 | I48: 201683 | J48: 201683 | K48: 201730 | L48: 201730 | M48: 201730 | N48: 201730 | O48: 201730 | P48: 201730 | Q48: =P48 -> 201730 | R48: =Q48 -> 201730 | S48: =R48 -> 201730 | T48: =T49*S48/S49 -> 201730 | U48: =U49*T48/T49 -> 201730 | V48: =V49*U48/U49 -> 201730 | W48: =W49*V48/V49 -> 201730 | X48: =X49*W48/W49 -> 201730 | Y48: =Y49*X48/X49 -> 201730 | Z48: =Z49*Y48/Y49 -> 231935.07 | AA48: =AA49*Z48/Z49 -> 231935.07 | ... AK48: =AK49*AJ48/AJ49 -> 231935.07
A49: 1981 | B49: 3 | C49: 201764 | D49: 201621 | E49: 201621 | F49: 201621 | G49: 201621 | H49: 201621 | I49: 201621 | J49: 201621 | K49: 201824 | L49: 201824 | M49: 201824 | N49: 201824 | O49: 201824 | P49: 201824 | Q49: =P49 -> 201824 | R49: =Q49 -> 201824 | S49: =R49 -> 201824 | T49: =T50*S49/S50 -> 201824 | U49: =U50*T49/T50 -> 201824 | V49: =V50*U49/U50 -> 201824 | W49: =W50*V49/V50 -> 201824 | X49: =X50*W49/W50 -> 201824 | Y49: =Y50*X49/X50 -> 201824 | Z49: =Z50*Y49/Y50 -> 232043.15 | AA49: =AA50*Z49/Z50 -> 232043.15 | ... AK49: =AK50*AJ49/AJ50 -> 232043.15
A50: 1981 | B50: 4 | C50: 203408 | D50: 203409 | E50: 203409 | F50: 203409 | G50: 203409 | H50: 203409 | I50: 203409 | J50: 203409 | K50: 203462 | L50: 203462 | M50: 203462 | N50: 203462 | O50: 203462 | P50: 203462 | Q50: =P50 -> 203462 | R50: =Q50 -> 203462 | S50: =R50 -> 203462 | T50: =T51*S50/S51 -> 203462 | U50: =U51*T50/T51 -> 203462 | V50: =V51*U50/U51 -> 203462 | W50: =W51*V50/V51 -> 203462 | X50: =X51*W50/W51 -> 203462 | Y50: =Y51*X50/X51 -> 203462 | Z50: =Z51*Y50/Y51 -> 233926.4 | AA50: =AA51*Z50/Z51 -> 233926.4 | ... AK50: =AK51*AJ50/AJ51 -> 233926.4
A51: 1982 | B51: 1 | C51: 203432 | D51: 203252 | E51: 203252 | F51: 203252 | G51: 203252 | H51: 203252 | I51: 203252 | J51: 203252 | K51: 203381 | L51: 203381 | M51: 203381 | N51: 203381 | O51: 203381 | P51: 203381 | Q51: =P51 -> 203381 | R51: =Q51 -> 203381 | S51: =R51 -> 203381 | T51: =T52*S51/S52 -> 203381 | U51: =U52*T51/T52 -> 203381 | V51: =V52*U51/U52 -> 203381 | W51: =W52*V51/V52 -> 203381 | X51: =X52*W51/W52 -> 203381 | Y51: =Y52*X51/X52 -> 203381 | Z51: =Z52*Y51/Y52 -> 233833.28 | AA51: =AA52*Z51/Z52 -> 233833.28 | ... AK51: =AK52*AJ51/AJ52 -> 233833.28
A52: 1982 | B52: 2 | C52: 202584 | D52: 202674 | E52: 202674 | F52: 202674 | G52: 202674 | H52: 202674 | I52: 202674 | J52: 202674 | K52: 202803 | L52: 202803 | M52: 202803 | N52: 202803 | O52: 202803 | P52: 202803 | Q52: =P52 -> 202803 | R52: =Q52 -> 202803 | S52: =R52 -> 202803 | T52: =T53*S52/S53 -> 202803 | U52: =U53*T52/T53 -> 202803 | V52: =V53*U52/U53 -> 202803 | W52: =W53*V52/V53 -> 202803 | X52: =X53*W52/W53 -> 202803 | Y52: =Y53*X52/X53 -> 202803 | Z52: =Z53*Y52/Y53 -> 233168.73 | AA52: =AA53*Z52/Z53 -> 233168.73 | ... AK52: =AK53*AJ52/AJ53 -> 233168.73
A53: 1982 | B53: 3 | C53: 202530 | D53: 202604 | E53: 202604 | F53: 202604 | G53: 202604 | H53: 202604 | I53: 202604 | J53: 202604 | K53: 202695 | L53: 202695 | M53: 202695 | N53: 202695 | O53: 202695 | P53: 202695 | Q53: =P53 -> 202695 | R53: =Q53 -> 202695 | S53: =R53 -> 202695 | T53: =T54*S53/S54 -> 202695 | U53: =U54*T53/T54 -> 202695 | V53: =V54*U53/U54 -> 202695 | W53: =W54*V53/V54 -> 202695 | X53: =X54*W53/W54 -> 202695 | Y53: =Y54*X53/X54 -> 202695 | Z53: =Z54*Y53/Y54 -> 233044.56 | AA53: =AA54*Z53/Z54 -> 233044.56 | ... AK53: =AK54*AJ53/AJ54 -> 233044.56
A54: 1982 | B54: 4 | C54: 202103 | D54: 202119 | E54: 202119 | F54: 202119 | G54: 202119 | H54: 202119 | I54: 202119 | J54: 202119 | K54: 202105 | L54: 202105 | M54: 202105 | N54: 202105 | O54: 202105 | P54: 202105 | Q54: =P54 -> 202105 | R54: =Q54 -> 202105 | S54: =R54 -> 202105 | T54: =T55*S54/S55 -> 202105 | U54: =U55*T54/T55 -> 202105 | V54: =V55*U54/U55 -> 202105 | W54: =W55*V54/V55 -> 202105 | X54: =X55*W54/W55 -> 202105 | Y54: =Y55*X54/X55 -> 202105 | Z54: =Z55*Y54/Y55 -> 232366.22 | AA54: =AA55*Z54/Z55 -> 232366.22 | ... AK54: =AK55*AJ54/AJ55 -> 232366.22
A55: 1983 | B55: 1 | C55: 202754 | D55: 202711 | E55: 202711 | F55: 202711 | G55: 202711 | H55: 202711 | I55: 202711 | J55: 202711 | K55: 202671 | L55: 202671 | M55: 202671 | N55: 202671 | O55: 202671 | P55: 202671 | Q55: =P55 -> 202671 | R55: =Q55 -> 202671 | S55: =R55 -> 202671 | T55: =T56*S55/S56 -> 202671 | U55: =U56*T55/T56 -> 202671 | V55: =V56*U55/U56 -> 202671 | W55: =W56*V55/V56 -> 202671 | X55: =X56*W55/W56 -> 202671 | Y55: =Y56*X55/X56 -> 202671 | Z55: =Z56*Y55/Y56 -> 233016.97 | AA55: =AA56*Z55/Z56 -> 233016.97 | ... AK55: =AK56*AJ55/AJ56 -> 233016.97
A56: 1983 | B56: 2 | C56: 202384 | D56: 202421 | E56: 202421 | F56: 202421 | G56: 202421 | H56: 202421 | I56: 202421 | J56: 202421 | K56: 202427 | L56: 202427 | M56: 202427 | N56: 202427 | O56: 202427 | P56: 202427 | Q56: =P56 -> 202427 | R56: =Q56 -> 202427 | S56: =R56 -> 202427 | T56: =T57*S56/S57 -> 202427 | U56: =U57*T56/T57 -> 202427 | V56: =V57*U56/U57 -> 202427 | W56: =W57*V56/V57 -> 202427 | X56: =X57*W56/W57 -> 202427 | Y56: =Y57*X56/X57 -> 202427 | Z56: =Z57*Y56/Y57 -> 232736.43 | AA56: =AA57*Z56/Z57 -> 232736.43 | ... AK56: =AK57*AJ56/AJ57 -> 232736.43
A57: 1983 | B57: 3 | C57: 205991 | D57: 206033 | E57: 206033 | F57: 206033 | G57: 206033 | H57: 206033 | I57: 206033 | J57: 206033 | K57: 206196 | L57: 206196 | M57: 206196 | N57: 206196 | O57: 206196 | P57: 206196 | Q57: =P57 -> 206196 | R57: =Q57 -> 206196 | S57: =R57 -> 206196 | T57: =T58*S57/S58 -> 206196 | U57: =U58*T57/T58 -> 206196 | V57: =V58*U57/U58 -> 206196 | W57: =W58*V57/V58 -> 206196 | X57: =X58*W57/W58 -> 206196 | Y57: =Y58*X57/X58 -> 206196 | Z57: =Z58*Y57/Y58 -> 237069.77 | AA57: =AA58*Z57/Z58 -> 237069.77 | ... AK57: =AK58*AJ57/AJ58 -> 237069.77
A58: 1983 | B58: 4 | C58: 210646 | D58: 210609 | E58: 210609 | F58: 210609 | G58: 210609 | H58: 210609 | I58: 210609 | J58: 210609 | K58: 210767 | L58: 210767 | M58: 210767 | N58: 210767 | O58: 210767 | P58: 210767 | Q58: =P58 -> 210767 | R58: =Q58 -> 210767 | S58: =R58 -> 210767 | T58: =T59*S58/S59 -> 210767 | U58: =U59*T58/T59 -> 210767 | V58: =V59*U58/U59 -> 210767 | W58: =W59*V58/V59 -> 210767 | X58: =X59*W58/W59 -> 210767 | Y58: =Y59*X58/X59 -> 210767 | Z58: =Z59*Y58/Y59 -> 242325.18 | AA58: =AA59*Z58/Z59 -> 242325.18 | ... AK58: =AK59*AJ58/AJ59 -> 242325.18
... A118: 1998 | B118: 4 | C118: 281841 | D118: 281992 | E118: 281992 | F118: 281992 | G118: 281992 | H118: 281992 | I118: 281992 | J118: 281992 | K118: 282299 | L118: 282299 | M118: 282299 | N118: 282299 | O118: 282299 | P118: 282299 | Q118: =P118 -> 282299 | R118: =Q118 -> 282299 | S118: =R118 -> 282299 | T118: =T119*S118/S119 -> 282299 | U118: =U119*T118/T119 -> 282299 | V118: =V119*U118/U119 -> 282299 | W118: =W119*V118/V119 -> 282299 | X118: =X119*W118/W119 -> 282299 | Y118: =Y119*X118/X119 -> 282299 | Z118: =Z119*Y118/Y119 -> 324567.68 | AA118: =AA119*Z118/Z119 -> 324567.68 | ... AK118: =AK119*AJ118/AJ119 -> 324567.68
A119: 1999 | B119: 1 | C119: 283597 | D119: 283674 | E119: 283674 | F119: 283674 | G119: 283674 | H119: 283674 | I119: 283674 | J119: 283674 | K119: 283717 | L119: 283717 | M119: 283717 | N119: 283717 | O119: 283717 | P119: 283717 | Q119: =P119 -> 283717 | R119: =Q119 -> 283717 | S119: 283717 | T119: 283717 | U119: 283717 | V119: 283717 | W119: 283717 | X119: 283717 | Y119: 283717 | Z119: 326198 | AA119: 326198 | AB119: 326198 | AC119: 326198 | AD119: 326198 | AE119: 326198 | AF119: 326198 | AG119: 326198 | AH119: 326198 | AI119: 326198 | AJ119: 326198 | AK119: 326198
A120: 1999 | B120: 2 | C120: 285425 | D120: 285386 | E120: 285386 | F120: 285386 | G120: 285386 | H120: 285386 | I120: 285386 | J120: 285386 | K120: 285087 | L120: 285087 | M120: 285087 | N120: 285087 | O120: 285087 | P120: 285087 | Q120: =P120 -> 285087 | R120: =Q120 -> 285087 | S120: 285087 | T120: 285087 | U120: 285087 | V120: 285087 | W120: 285087 | X120: 285087 | Y120: 285087 | Z120: 328283 | AA120: 328283 | AB120: 328283 | AC120: 328283 | AD120: 328283 | AE120: 328283 | AF120: 328283 | AG120: 328283 | AH120: 328283 | AI120: 328283 | AJ120: 328283 | AK120: 328283
A121: 1999 | B121: 3 | C121: 288076 | D121: 287922 | E121: 287922 | F121: 287922 | G121: 287922 | H121: 287922 | I121: 287922 | J121: 287922 | K121: 287309 | L121: 287309 | M121: 287309 | N121: 287309 | O121: 287309 | P121: 287309 | Q121: =P121 -> 287309 | R121: =Q121 -> 287309 | S121: 287309 | T121: 287309 | U121: 287309 | V121: 287309 | W121: 287309 | X121: 287309 | Y121: 287309 | Z121: 329681 | AA121: 329681 | AB121: 329681 | AC121: 329681 | AD121: 329681 | AE121: 329681 | AF121: 329681 | AG121: 329681 | AH121: 329681 | AI121: 329681 | AJ121: 329681 | AK121: 329681
A122: 1999 | B122: 4 | C122: 291512 | D122: 291628 | E122: 291628 | F122: 291628 | G122: 291628 | H122: 291628 | I122: 291628 | J122: 291628 | K122: 291267 | L122: 291267 | M122: 291267 | N122: 291267 | O122: 291267 | P122: 291267 | Q122: =P122 -> 291267 | R122: =Q122 -> 291267 | S122: 291267 | T122: 291267 | U122: 291267 | V122: 291267 | W122: 291267 | X122: 291267 | Y122: 291267 | Z122: 333702 | AA122: 333702 | AB122: 333702 | AC122: 333702 | AD122: 333702 | AE122: 333702 | AF122: 333702 | AG122: 333702 | AH122: 333702 | AI122: 333702 | AJ122: 333702 | AK122: 333702
A123: 2000 | B123: 1 | C123: 294575 | D123: 294417 | E123: 294417 | F123: 294417 | G123: 294417 | H123: 294417 | I123: 294417 | J123: 294417 | K123: 294221 | L123: 294221 | M123: 294221 | N123: 294221 | O123: 294221 | P123: 294221 | Q123: =P123 -> 294221 | R123: =Q123 -> 294221 | S123: 294221 | T123: 294221 | U123: 294221 | V123: 294221 | W123: 294221 | X123: 294221 | Y123: 294221 | Z123: 338362 | AA123: 338362 | AB123: 338362 | AC123: 338362 | AD123: 338362 | AE123: 338362 | AF123: 338362 | AG123: 338362 | AH123: 338362 | AI123: 338362 | AJ123: 338362 | AK123: 338362
A124: 2000 | B124: 2 | C124: 296653 | D124: 296582 | E124: 296582 | F124: 296582 | G124: 296582 | H124: 296582 | I124: 296582 | J124: 296582 | K124: 296155 | L124: 296155 | M124: 296155 | N124: 296155 | O124: 296155 | P124: 296155 | Q124: =P124 -> 296155 | R124: =Q124 -> 296155 | S124: 296155 | T124: 296155 | U124: 296155 | V124: 296155 | W124: 296155 | X124: 296155 | Y124: 296155 | Z124: 340786 | AA124: 340786 | AB124: 340786 | AC124: 340786 | AD124: 340786 | AE124: 340786 | AF124: 340786 | AG124: 340786 | AH124: 340786 | AI124: 340786 | AJ124: 340786 | AK124: 340786
A125: 2000 | B125: 3 | C125: 299196 | D125: 299197 | E125: 299197 | F125: 299197 | G125: 299197 | H125: 299197 | I125: 299197 | J125: 299197 | K125: 299135 | L125: 299135 | M125: 299135 | N125: 299135 | O125: 299135 | P125: 299135 | Q125: =P125 -> 299135 | R125: =Q125 -> 299135 | S125: 299135 | T125: 299135 | U125: 299135 | V125: 299135 | W125: 299135 | X125: 299135 | Y125: 299135 | Z125: 343297 | AA125: 343297 | AB125: 343297 | AC125: 343297 | AD125: 343297 | AE125: 343297 | AF125: 343297 | AG125: 343297 | AH125: 343297 | AI125: 343297 | AJ125: 343297 | AK125: 343297
A126: 2000 | B126: 4 | C126: 301496 | D126: 301724 | E126: 301724 | F126: 301724 | G126: 301724 | H126: 301724 | I126: 301724 | J126: 301724 | K126: 302326 | L126: 302326 | M126: 302326 | N126: 302326 | O126: 302326 | P126: 302326 | Q126: =P126 -> 302326 | R126: =Q126 -> 302326 | S126: 302326 | T126: 302326 | U126: 302326 | V126: 302326 | W126: 302326 | X126: 302326 | Y126: 302326 | Z126: 346722 | AA126: 346722 | AB126: 346722 | AC126: 346722 | AD126: 346722 | AE126: 346722 | AF126: 346722 | AG126: 346722 | AH126: 346722 | AI126: 346722 | AJ126: 346722 | AK126: 346722
A127: 2001 | B127: 1 | C127: 303993 | D127: 304069 | E127: 304069 | F127: 304069 | G127: 304069 | H127: 304069 | I127: 304069 | J127: 304069 | K127: 304353 | L127: 304353 | M127: 304353 | N127: 304353 | O127: 304353 | P127: 304353 | Q127: =P127 -> 304353 | R127: =Q127 -> 304353 | S127: 304353 | T127: 304353 | U127: 304353 | V127: 304353 | W127: 304353 | X127: 304353 | Y127: 304353 | Z127: 349407 | AA127: 349407 | AB127: 349407 | AC127: 349407 | AD127: 349407 | AE127: 349407 | AF127: 349407 | AG127: 349407 | AH127: 349407 | AI127: 349407 | AJ127: 349407 | AK127: 349407
A128: 2001 | B128: 2 | C128: 303498 | D128: 303364 | E128: 303364 | F128: 303364 | G128: 303364 | H128: 303364 | I128: 303364 | J128: 303364 | K128: 303281 | L128: 303281 | M128: 303281 | N128: 303281 | O128: 303281 | P128: 303281 | Q128: =P128 -> 303281 | R128: =Q128 -> 303281 | S128: 303281 | T128: 303281 | U128: 303281 | V128: 303281 | W128: 303281 | X128: 303281 | Y128: 303281 | Z128: 348126 | AA128: 348126 | AB128: 348126 | AC128: 348126 | AD128: 348126 | AE128: 348126 | AF128: 348126 | AG128: 348126 | AH128: 348126 | AI128: 348126 | AJ128: 348126 | AK128: 348126
A129: 2001 | B129: 3 | C129: 302820 | D129: 302799 | E129: 302799 | F129: 302799 | G129: 302799 | H129: 302799 | I129: 302799 | J129: 302799 | K129: 302564 | L129: 302564 | M129: 302564 | N129: 302564 | O129: 302564 | P129: 302564 | Q129: =P129 -> 302564 | R129: =Q129 -> 302564 | S129: 302564 | T129: 302564 | U129: 302564 | V129: 302564 | W129: 302564 | X129: 302564 | Y129: 302564 | Z129: 347518 | AA129: 347518 | AB129: 347518 | AC129: 347518 | AD129: 347518 | AE129: 347518 | AF129: 347518 | AG129: 347518 | AH129: 347518 | AI129: 347518 | AJ129: 347518 | AK129: 347518
A130: 2001 | B130: 4 | C130: 302155 | D130: 302234 | E130: 302234 | F130: 302234 | G130: 302234 | H130: 302234 | I130: 302234 | J130: 302234 | K130: 302449 | L130: 302449 | M130: 302449 | N130: 302449 | O130: 302449 | P130: 302449 | Q130: =P130 -> 302449 | R130: =Q130 -> 302449 | S130: 302449 | T130: 302449 | U130: 302449 | V130: 302449 | W130: 302449 | X130: 302449 | Y130: 302449 | Z130: 348160 | AA130: 348160 | AB130: 348160 | AC130: 348160 | AD130: 348160 | AE130: 348160 | AF130: 348160 | AG130: 348160 | AH130: 348160 | AI130: 348160 | AJ130: 348160 | AK130: 348160
... A138: 2003 | B138: 4 | C138: 304999 | D138: 305283 | E138: 305283 | F138: 305283 | G138: 305189 | H138: 305189 | I138: 305189 | J138: 305189 | K138: 305793 | L138: 305793 | M138: 305793 | N138: 305793 | O138: 305793 | P138: 305808 | Q138: =P138 -> 305808 | R138: =Q138 -> 305808 | S138: 305808 | T138: 305808 | U138: 305808 | V138: 305808 | W138: 305808 | X138: 305808 | Y138: 305808 | Z138: 351999 | AA138: 351999 | AB138: 351999 | AC138: 351999 | AD138: 351999 | AE138: 351999 | AF138: 351999 | AG138: 351999 | AH138: 351999 | AI138: 351999 | AJ138: 351999 | AK138: 351999
A139: 2004 | B139: 1 | C139: 306494 | D139: 306404 | E139: 306400 | F139: 306429 | G139: 306814 | H139: 306814 | I139: 306814 | J139: 306814 | K139: 307481 | L139: 307481 | M139: 307481 | N139: 307481 | O139: 307488 | P139: 307583 | Q139: 307583 | R139: 307583 | S139: 307583 | T139: 307583 | U139: 307583 | V139: 307583 | W139: 307583 | X139: 307583 | Y139: 307583 | Z139: 354290 | AA139: 354290 | AB139: 354290 | AC139: 354290 | AD139: 354290 | AE139: 354290 | AF139: 354290 | AG139: 354290 | AH139: 354290 | AI139: 354290 | AJ139: 354290 | AK139: 354290
A140: 2004 | B140: 2 | C140: 307264 | D140: 307358 | E140: 307448 | F140: 307379 | G140: 307818 | H140: 307818 | I140: 307818 | J140: 307818 | K140: 308756 | L140: 308756 | M140: 308756 | N140: 308756 | O140: 308774 | P140: 308686 | Q140: 308686 | R140: 308686 | S140: 308686 | T140: 308686 | U140: 308686 | V140: 308686 | W140: 308686 | X140: 308686 | Y140: 308686 | Z140: 355168 | AA140: 355168 | AB140: 355168 | AC140: 355168 | AD140: 355168 | AE140: 355168 | AF140: 355168 | AG140: 355168 | AH140: 355168 | AI140: 355168 | AJ140: 355168 | AK140: 355168
A141: 2004 | B141: 3 | C141: 308077 | D141: 308076 | E141: 308082 | F141: 308085 | G141: 308518 | H141: 308518 | I141: 308518 | J141: 308518 | K141: 309927 | L141: 309927 | M141: 309927 | N141: 309927 | O141: 309882 | P141: 309774 | Q141: 309774 | R141: 309774 | S141: 309774 | T141: 309774 | U141: 309774 | V141: 309774 | W141: 309774 | X141: 309774 | Y141: 309774 | Z141: 356388 | AA141: 356388 | AB141: 356388 | AC141: 356388 | AD141: 356388 | AE141: 356388 | AF141: 356388 | AG141: 356388 | AH141: 356388 | AI141: 356388 | AJ141: 356388 | AK141: 356388
A142: 2004 | B142: 4 | C142: 306867 | D142: 306864 | E142: 306771 | F142: 306810 | G142: 307104 | H142: 307104 | I142: 307104 | J142: 307104 | K142: 309241 | L142: 309241 | M142: 309241 | N142: 309241 | O142: 309163 | P142: 309263 | Q142: 309263 | R142: 309263 | S142: 309263 | T142: 309263 | U142: 309263 | V142: 309263 | W142: 309263 | X142: 309263 | Y142: 309263 | Z142: 355765 | AA142: 355765 | AB142: 355765 | AC142: 355765 | AD142: 355765 | AE142: 355765 | AF142: 355765 | AG142: 355765 | AH142: 355765 | AI142: 355765 | AJ142: 355765 | AK142: 355765
A143: 2005 | B143: 1 | C143: 305560 | D143: 305628 | E143: 305562 | F143: 305583 | G143: 306292 | H143: 306288 | I143: 306323 | J143: 306306 | K143: 308834 | L143: 308834 | M143: 308834 | N143: 308834 | O143: 308870 | P143: 309084 | Q143: 309084 | R143: 309084 | S143: 309086 | T143: 309259 | U143: 309259 | V143: 309259 | W143: 309259 | X143: 309259 | Y143: 309259 | Z143: 356239 | AA143: 356239 | AB143: 356239 | AC143: 356239 | AD143: 356239 | AE143: 356239 | AF143: 356239 | AG143: 356239 | AH143: 356239 | AI143: 356239 | AJ143: 356239 | AK143: 356239
A144: 2005 | B144: 2 | C144: 307517 | D144: 307537 | E144: 307547 | F144: 307428 | G144: 308267 | H144: 308276 | I144: 308252 | J144: 308264 | K144: 310754 | L144: 310754 | M144: 310754 | N144: 310754 | O144: 310920 | P144: 310894 | Q144: 310894 | R144: 310894 | S144: 310916 | T144: 311085 | U144: 311085 | V144: 311085 | W144: 311085 | X144: 311085 | Y144: 311085 | Z144: 359018 | AA144: 359018 | AB144: 359018 | AC144: 359018 | AD144: 359018 | AE144: 359018 | AF144: 359018 | AG144: 359018 | AH144: 359018 | AI144: 359018 | AJ144: 359018 | AK144: 359018
A145: 2005 | B145: 3 | C145: 308449 | D145: 308431 | E145: 308486 | F145: 308515 | G145: 309407 | H145: 309388 | I145: 309425 | J145: 309433 | K145: 311952 | L145: 311952 | M145: 311952 | N145: 311952 | O145: 312402 | P145: 312219 | Q145: 312219 | R145: 312219 | S145: 312189 | T145: 311897 | U145: 311897 | V145: 311897 | W145: 311897 | X145: 311897 | Y145: 311897 | Z145: 360323 | AA145: 360323 | AB145: 360323 | AC145: 360323 | AD145: 360323 | AE145: 360323 | AF145: 360323 | AG145: 360323 | AH145: 360323 | AI145: 360323 | AJ145: 360323 | AK145: 360323
A146: 2005 | B146: 4 | C146: 308492 | D146: 308422 | E146: 308422 | F146: 308491 | G146: 309156 | H146: 309169 | I146: 309122 | J146: 309119 | K146: 312307 | L146: 312307 | M146: 312307 | N146: 312307 | O146: 312944 | P146: 312938 | Q146: 312938 | R146: 312938 | S146: 312994 | T146: 312943 | U146: 312943 | V146: 312943 | W146: 312943 | X146: 312943 | Y146: 312943 | Z146: 361504 | AA146: 361504 | AB146: 361504 | AC146: 361504 | AD146: 361504 | AE146: 361504 | AF146: 361504 | AG146: 361504 | AH146: 361504 | AI146: 361504 | AJ146: 361504 | AK146: 361504
A147: 2006 | B147: 1 | D147: 310224 | E147: 310502 | F147: 310870 | G147: 311499 | H147: 311528 | I147: 311551 | J147: 311487 | K147: 314611 | L147: 314576 | M147: 314492 | N147: 314455 | O147: 315143 | P147: 314803 | Q147: 314803 | R147: 314803 | S147: 314784 | T147: 314960 | U147: 314960 | V147: 314960 | W147: 314952 | X147: 314952 | Y147: 314952 | Z147: 363593 | AA147: 363593 | AB147: 363593 | AC147: 363593 | AD147: 363593 | AE147: 363593 | AF147: 363593 | AG147: 363593 | AH147: 363593 | AI147: 363593 | AJ147: 363593 | AK147: 363593
A148: 2006 | B148: 2 | E148: 312167 | F148: 312728 | G148: 313359 | H148: 313352 | I148: 313376 | J148: 313377 | K148: 315884 | L148: 315971 | M148: 316038 | N148: 315987 | O148: 316658 | P148: 316805 | Q148: 316805 | R148: 316805 | S148: 316787 | T148: 316762 | U148: 316762 | V148: 316762 | W148: 316858 | X148: 316858 | Y148: 316858 | Z148: 365825 | AA148: 365825 | AB148: 365825 | AC148: 365825 | AD148: 365825 | AE148: 365825 | AF148: 365825 | AG148: 365825 | AH148: 365825 | AI148: 365825 | AJ148: 365825 | AK148: 365825
A149: 2006 | B149: 3 | F149: 313614 | G149: 314283 | H149: 314279 | I149: 314277 | J149: 314366 | K149: 316902 | L149: 316815 | M149: 316939 | N149: 316952 | O149: 318049 | P149: 318338 | Q149: 318338 | R149: 318338 | S149: 318416 | T149: 318141 | U149: 318141 | V149: 318141 | W149: 318148 | X149: 318148 | Y149: 318148 | Z149: 368027 | AA149: 368027 | AB149: 368027 | AC149: 368027 | AD149: 368027 | AE149: 368027 | AF149: 368027 | AG149: 368027 | AH149: 368027 | AI149: 368027 | AJ149: 368027 | AK149: 368027
A150: 2006 | B150: 4 | G150: 317892 | H150: 317873 | I150: 317830 | J150: 317803 | K150: 320105 | L150: 320141 | M150: 320033 | N150: 320108 | O150: 321424 | P150: 321329 | Q150: 321329 | R150: 321329 | S150: 321406 | T150: 321531 | U150: 321531 | V150: 321531 | W150: 321478 | X150: 321478 | Y150: 321478 | Z150: 372251 | AA150: 372251 | AB150: 372251 | AC150: 372251 | AD150: 372251 | AE150: 372251 | AF150: 372251 | AG150: 372251 | AH150: 372251 | AI150: 372251 | AJ150: 372251 | AK150: 372251
A151: 2007 | B151: 1 | H151: 318751 | I151: 318693 | J151: 318816 | K151: 321194 | L151: 321117 | M151: 321010 | N151: 320948 | O151: 322073 | P151: 322290 | Q151: 322287 | R151: 322276 | S151: 322066 | T151: 322089 | U151: 322089 | V151: 322089 | W151: 322003 | X151: 322003 | Y151: 322003 | Z151: 372434 | AA151: 372533 | AB151: 372533 | AC151: 372533 | AD151: 372533 | AE151: 372533 | AF151: 372533 | AG151: 372533 | AH151: 372533 | AI151: 372533 | AJ151: 372533 | AK151: 372533
A152: 2007 | B152: 2 | I152: 319111 | J152: 319001 | K152: 321269 | L152: 321154 | M152: 321420 | N152: 321382 | O152: 322453 | P152: 322551 | Q152: 322650 | R152: 322723 | S152: 322562 | T152: 322280 | U152: 322280 | V152: 322280 | W152: 322274 | X152: 322274 | Y152: 322274 | Z152: 373164 | AA152: 373065 | AB152: 373065 | AC152: 373065 | AD152: 373065 | AE152: 373065 | AF152: 373065 | AG152: 373065 | AH152: 373065 | AI152: 373065 | AJ152: 373065 | AK152: 373065
A153: 2007 | B153: 3 | J153: 320334 | K153: 321833 | L153: 321891 | M153: 321862 | N153: 321919 | O153: 323113 | P153: 323203 | Q153: 323167 | R153: 323176 | S153: 322900 | T153: 322929 | U153: 322929 | V153: 322929 | W153: 322965 | X153: 322965 | Y153: 322965 | Z153: 374271 | AA153: 374372 | AB153: 374372 | AC153: 374372 | AD153: 374372 | AE153: 374372 | AF153: 374372 | AG153: 374372 | AH153: 374372 | AI153: 374372 | AJ153: 374372 | AK153: 374372
A154: 2007 | B154: 4 | K154: 320464 | L154: 320598 | M154: 320469 | N154: 320512 | O154: 322253 | P154: 321849 | Q154: 321788 | R154: 321717 | S154: 321311 | T154: 321541 | U154: 321541 | V154: 321541 | W154: 321646 | X154: 321646 | Y154: 321646 | Z154: 372629 | AA154: 372442 | AB154: 372442 | AC154: 372442 | AD154: 372442 | AE154: 372442 | AF154: 372442 | AG154: 372442 | AH154: 372442 | AI154: 372442 | AJ154: 372442 | AK154: 372442
A155: 2008 | B155: 1 | L155: 322137 | M155: 322083 | N155: 322180 | O155: 323312 | P155: 323449 | Q155: 323451 | R155: 323413 | S155: 322579 | T155: 322955 | U155: 322927 | V155: 322963 | W155: 322957 | X155: 322957 | Y155: 322957 | Z155: 373968 | AA155: 374145 | AB155: 374145 | AC155: 374145 | AD155: 374235 | AE155: 374367 | AF155: 374367 | AG155: 374367 | AH155: 374367 | AI155: 374367 | AJ155: 374367 | AK155: 374367
A156: 2008 | B156: 2 | M156: 321233 | N156: 320764 | O156: 321220 | P156: 321625 | Q156: 321537 | R156: 321588 | S156: 320581 | T156: 320808 | U156: 320789 | V156: 320816 | W156: 320846 | X156: 320846 | Y156: 320846 | Z156: 372049 | AA156: 371982 | AB156: 371982 | AC156: 371982 | AD156: 372183 | AE156: 372159 | AF156: 372159 | AG156: 372159 | AH156: 372159 | AI156: 372159 | AJ156: 372159 | AK156: 372159
A157: 2008 | B157: 3 | N157: 319080 | O157: 319021 | P157: 319088 | Q157: 319041 | R157: 319000 | S157: 317782 | T157: 317178 | U157: 317228 | V157: 317237 | W157: 317236 | X157: 317236 | Y157: 317236 | Z157: 368044 | AA157: 367788 | AB157: 367788 | AC157: 367788 | AD157: 367368 | AE157: 367297 | AF157: 367297 | AG157: 367297 | AH157: 367297 | AI157: 367297 | AJ157: 367297 | AK157: 367297
A158: 2008 | B158: 4 | O158: 312885 | P158: 312276 | Q158: 312410 | R158: 312438 | S158: 310865 | T158: 310867 | U158: 310863 | V158: 310792 | W158: 310761 | X158: 310761 | Y158: 310761 | Z158: 361166 | AA158: 361174 | AB158: 361174 | AC158: 361174 | AD158: 361324 | AE158: 361258 | AF158: 361258 | AG158: 361258 | AH158: 361258 | AI158: 361258 | AJ158: 361258 | AK158: 361258
A159: 2009 | B159: 1 | P159: 304056 | Q159: 303934 | R159: 303939 | S159: 302438 | T159: 301911 | U159: 301902 | V159: 301919 | W159: 301411 | X159: 301475 | Y159: 301430 | Z159: 349780 | AA159: 348437 | AB159: 348437 | AC159: 348437 | AD159: 348364 | AE159: 348134 | AF159: 348134 | AG159: 348134 | AH159: 348608 | AI159: 348521 | AJ159: 348521 | AK159: 348521
A160: 2009 | B160: 2 | Q160: 302403 | R160: 302462 | S160: 300960 | T160: 301155 | U160: 301028 | V160: 301091 | W160: 300445 | X160: 300533 | Y160: 300592 | Z160: 349296 | AA160: 347848 | AB160: 347848 | AC160: 347848 | AD160: 347771 | AE160: 347435 | AF160: 347435 | AG160: 347435 | AH160: 347444 | AI160: 347324 | AJ160: 347324 | AK160: 347324
A161: 2009 | B161: 3 | R161: 304180 | S161: 302525 | T161: 302316 | U161: 302375 | V161: 302332 | W161: 301627 | X161: 301615 | Y161: 301663 | Z161: 350939 | AA161: 349099 | AB161: 349099 | AC161: 349099 | AD161: 349035 | AE161: 349155 | AF161: 349155 | AG161: 349155 | AH161: 348938 | AI161: 348950 | AJ161: 348950 | AK161: 348950
A162: 2009 | B162: 4 | S162: 301569 | T162: 302109 | U162: 302186 | V162: 302149 | W162: 301717 | X162: 301576 | Y162: 301515 | Z162: 350607 | AA162: 348532 | AB162: 348532 | AC162: 348532 | AD162: 348752 | AE162: 349149 | AF162: 349149 | AG162: 349149 | AH162: 348522 | AI162: 348699 | AJ162: 348699 | AK162: 348699
A163: 2010 | B163: 1 | T163: 303385 | U163: 303488 | V163: 303452 | W163: 303281 | X163: 303428 | Y163: 303450 | Z163: 353446 | AA163: 352416 | AB163: 352129 | AC163: 352039 | AD163: 352108 | AE163: 352180 | AF163: 351895 | AG163: 351895 | AH163: 351606 | AI163: 351641 | AJ163: 351641 | AK163: 351641
A164: 2010 | B164: 2 | U164: 304874 | V164: 304855 | W164: 304892 | X164: 304904 | Y164: 304891 | Z164: 354954 | AA164: 354235 | AB164: 354261 | AC164: 354415 | AD164: 354295 | AE164: 353993 | AF164: 353976 | AG164: 353976 | AH164: 353663 | AI164: 353681 | AJ164: 353681 | AK164: 353681
A165: 2010 | B165: 3 | V165: 305648 | W165: 305864 | X165: 305762 | Y165: 305848 | Z165: 356102 | AA165: 355602 | AB165: 355694 | AC165: 355696 | AD165: 355781 | AE165: 355260 | AF165: 355412 | AG165: 355412 | AH165: 355274 | AI165: 355239 | AJ165: 355239 | AK165: 355239
A166: 2010 | B166: 4 | W166: 306216 | X166: 306159 | Y166: 306065 | Z166: 356057 | AA166: 356224 | AB166: 356393 | AC166: 356328 | AD166: 356397 | AE166: 355868 | AF166: 356017 | AG166: 356017 | AH166: 356419 | AI166: 356386 | AJ166: 356386 | AK166: 356386
A167: 2011 | B167: 1 | X167: 306551 | Y167: 306480 | Z167: 356397 | AA167: 356645 | AB167: 356744 | AC167: 356851 | AD167: 356711 | AE167: 356320 | AF167: 356572 | AG167: 356555 | AH167: 356683 | AI167: 356621 | AJ167: 356621 | AK167: 356621
A168: 2011 | B168: 2 | Y168: 307396 | Z168: 357408 | AA168: 357743 | AB168: 357809 | AC168: 357834 | AD168: 357726 | AE168: 357248 | AF168: 357074 | AG168: 357077 | AH168: 357590 | AI168: 357461 | AJ168: 357461 | AK168: 357461
A169: 2011 | B169: 3 | Z169: 356867 | AA169: 357077 | AB169: 357020 | AC169: 357031 | AD169: 357310 | AE169: 356765 | AF169: 356596 | AG169: 356604 | AH169: 356906 | AI169: 356706 | AJ169: 356706 | AK169: 356706
A170: 2011 | B170: 4 | AA170: 354695 | AB170: 354587 | AC170: 354444 | AD170: 354725 | AE170: 353974 | AF170: 354066 | AG170: 354072 | AH170: 354356 | AI170: 354340 | AJ170: 354340 | AK170: 354340
A171: 2012 | B171: 1 | AB171: 351686 | AC171: 351447 | AD171: 352025 | AE171: 350683 | AF171: 350450 | AG171: 350384 | AH171: 350401 | AI171: 350611 | AJ171: 350603 | AK171: 350521
A172: 2012 | B172: 2 | AC172: 348488 | AD172: 349415 | AE172: 348053 | AF172: 348247 | AG172: 348442 | AH172: 348352 | AI172: 348744 | AJ172: 348772 | AK172: 348829
A173: 2012 | B173: 3 | AD173: 348750 | AE173: 347387 | AF173: 347370 | AG173: 347355 | AH173: 346735 | AI173: 347375 | AJ173: 347395 | AK173: 347445
A174: 2012 | B174: 4 | AE174: 344151 | AF174: 344208 | AG174: 344094 | AH174: 343604 | AI174: 344301 | AJ174: 344262 | AK174: 344237
A175: 2013 | B175: 1 | AF175: 341981 | AG175: 342037 | AH175: 341604 | AI175: 342225 | AJ175: 342312 | AK175: 342189
A176: 2013 | B176: 2 | AG176: 341021 | AH176: 340576 | AI176: 341259 | AJ176: 341204 | AK176: 341159
A177: 2013 | B177: 3 | AH177: 340462 | AI177: 340820 | AJ177: 340707 | AK177: 340775
A178: 2013 | B178: 4 | AI178: 341064 | AJ178: 341144 | AK178: 341245
A179: 2014 | B179: 1 | AJ179: 340753 | AK179: 340970
A180: 2014 | B180: 2 | AK180: 340342
A181: 2014 | B181: 3
A182: 2014 | B182: 4
A183: 2015 | B183: 1
A184: 2015 | B184: 2
A185: 2015 | B185: 3
A186: 2015 | B186: 4
A187: 2016 | B187: 1
A188: 2016 | B188: 2
A189: 2016 | B189: 3
A190: 2016 | B190: 4
A191: 2017 | B191: 1
A192: 2017 | B192: 2
... A214: 2022 | B214: 4

Sheet newbrowser
A1: Edizione | B1: Dic-2014 | C1: Mar-2015 | D1: Mag-2015 | E1: Set-2015 | F1: Dic-2015 | G1: Mar-2016 | H1: Mag-2016 | I1: Set-2016 | J1: Dic-2016 | K1: Mar-2017 | L1: Giu-2017 | M1: Set-2017 | N1: Dic-2017 | O1: Mar-2018 | P1: Giu-2018 | Q1: Ago-2018 | R1: Nov-2018 | S1: Mar-2019 | T1: Mag-2019 | U1: Ago-2019 | V1: Nov-2019 | W1: Mar-2020 | X1: Mag-2020 | Y1: Ago-2020 | Z1: Dic-2020 | AA1: Mar-2021 | AB1: Giu-2021 | AC1: Ago-2021 | AD1: Nov-2021 | AE1: Mar-2022 | AF1: Mag-2022 | AG1: Set-2022 | AH1: Nov-2022 | AI1: Mar-2023 | AJ1: Mag-2023 | AK1: Set-2023 | AL1: Dic-2023 | AM1: Mar-2024 | AN1: Mag-2024 | AO1: Set-2024 | AP1: Dic-2024 | AQ1: Mar-2025 | AR1: Mag-2025 | AS1: Ago-2025
B2: y106 | C2: y107 | D2: y108 | E2: y109 | F2: y110 | G2: y111 | H2: y112 | I2: y113 | J2: y114 | K2: y115 | L2: y116 | M2: y117 | N2: y118 | O2: y119 | P2: y120 | Q2: y121 | R2: y122 | S2: y123 | T2: y124 | U2: y125 | V2: y126 | W2: y127 | X2: y128 | Y2: y129 | Z2: y130 | AA2: y131 | AB2: y132 | AC2: y133 | AD2: y134 | AE2: y135 | AF2: y136 | AG2: y137 | AH2: y138 | AI2: y139 | AJ2: y140 | AK2: y141 | AL2: y142 | AM2: y143 | AN2: y144 | AO2: y145 | AP2: y146 | AQ2: y147 | AR2: y148 | AS2: y149
A3: 1970.1 | B3: =chainindex!AK3/chainindex!AK4*newbrowser!B4 -> 178670.16 | C3: =B3/B4*C4 -> 178853.18 | D3: =C3/C4*D4 -> 178853.18 | E3: =D3/D4*E4 -> 178853.18 | F3: =E3/E4*F4 -> 178853.18 | G3: =F3/F4*G4 -> 178769.55 | H3: =G3/G4*H4 -> 178769.55 | I3: =H3/H4*I4 -> 178769.55 | J3: =I3/I4*J4 -> 178769.55 | ... AS3: =AR3/AR4*AS4 -> 201349.28
A4: 1970.2 | B4: =chainindex!AK4/chainindex!AK5*newbrowser!B5 -> 179974.71 | C4: =B4/B5*C5 -> 180159.07 | D4: =C4/C5*D5 -> 180159.07 | E4: =D4/D5*E5 -> 180159.07 | F4: =E4/E5*F5 -> 180159.07 | G4: =F4/F5*G5 -> 180074.83 | H4: =G4/G5*H5 -> 180074.83 | I4: =H4/H5*I5 -> 180074.83 | J4: =I4/I5*J5 -> 180074.83 | ... AS4: =AR4/AR5*AS5 -> 202819.42
A5: 1970.3 | B5: =chainindex!AK5/chainindex!AK6*newbrowser!B6 -> 183586.52 | C5: =B5/B6*C6 -> 183774.58 | D5: =C5/C6*D6 -> 183774.58 | E5: =D5/D6*E6 -> 183774.58 | F5: =E5/E6*F6 -> 183774.58 | G5: =F5/F6*G6 -> 183688.64 | H5: =G5/G6*H6 -> 183688.64 | I5: =H5/H6*I6 -> 183688.64 | J5: =I5/I6*J6 -> 183688.64 | ... AS5: =AR5/AR6*AS6 -> 206889.69
A6: 1970.4 | B6: =chainindex!AK6/chainindex!AK7*newbrowser!B7 -> 183791.24 | C6: =B6/B7*C7 -> 183979.51 | D6: =C6/C7*D7 -> 183979.51 | E6: =D6/D7*E7 -> 183979.51 | F6: =E6/E7*F7 -> 183979.51 | G6: =F6/F7*G7 -> 183893.48 | H6: =G6/G7*H7 -> 183893.48 | I6: =H6/H7*I7 -> 183893.48 | J6: =I6/I7*J7 -> 183893.48 | ... AS6: =AR6/AR7*AS7 -> 207120.4
A7: 1971.1 | B7: =chainindex!AK7/chainindex!AK8*newbrowser!B8 -> 182830.39 | C7: =B7/B8*C8 -> 183017.67 | D7: =C7/C8*D8 -> 183017.67 | E7: =D7/D8*E8 -> 183017.67 | F7: =E7/E8*F8 -> 183017.67 | G7: =F7/F8*G8 -> 182932.09 | H7: =G7/G8*H8 -> 182932.09 | I7: =H7/H8*I8 -> 182932.09 | J7: =I7/I8*J8 -> 182932.09 | ... AS7: =AR7/AR8*AS8 -> 206037.58
A8: 1971.2 | B8: =chainindex!AK8/chainindex!AK9*newbrowser!B9 -> 183601.46 | C8: =B8/B9*C9 -> 183789.54 | D8: =C8/C9*D9 -> 183789.54 | E8: =D8/D9*E9 -> 183789.54 | F8: =E8/E9*F9 -> 183789.54 | G8: =F8/F9*G9 -> 183703.59 | H8: =G8/G9*H9 -> 183703.59 | I8: =H8/H9*I9 -> 183703.59 | J8: =I8/I9*J9 -> 183703.59 | ... AS8: =AR8/AR9*AS9 -> 206906.53
A9: 1971.3 | B9: =chainindex!AK9/chainindex!AK10*newbrowser!B10 -> 186291.27 | C9: =B9/B10*C10 -> 186482.1 | D9: =C9/C10*D10 -> 186482.1 | E9: =D9/D10*E10 -> 186482.1 | F9: =E9/E10*F10 -> 186482.1 | G9: =F9/F10*G10 -> 186394.89 | H9: =G9/G10*H10 -> 186394.89 | I9: =H9/H10*I10 -> 186394.89 | J9: =I9/I10*J10 -> 186394.89 | ... AS9: =AR9/AR10*AS10 -> 209937.76
A10: 1971.4 | B10: =chainindex!AK10/chainindex!AK11*newbrowser!B11 -> 187341.78 | C10: =B10/B11*C11 -> 187533.69 | D10: =C10/C11*D11 -> 187533.69 | E10: =D10/D11*E11 -> 187533.69 | F10: =E10/E11*F11 -> 187533.69 | G10: =F10/F11*G11 -> 187446 | H10: =G10/G11*H11 -> 187446 | I10: =H10/H11*I11 -> 187446 | J10: =I10/I11*J11 -> 187446 | ... AS10: =AR10/AR11*AS11 -> 211121.62
A11: 1972.1 | B11: =chainindex!AK11/chainindex!AK12*newbrowser!B12 -> 189412.93 | C11: =B11/B12*C12 -> 189606.96 | D11: =C11/C12*D12 -> 189606.96 | E11: =D11/D12*E12 -> 189606.96 | F11: =E11/E12*F12 -> 189606.96 | G11: =F11/F12*G12 -> 189518.3 | H11: =G11/G12*H12 -> 189518.3 | I11: =H11/H12*I12 -> 189518.3 | J11: =I11/I12*J12 -> 189518.3 | ... AS11: =AR11/AR12*AS12 -> 213455.66
A12: 1972.2 | B12: =chainindex!AK12/chainindex!AK13*newbrowser!B13 -> 189326.26 | C12: =B12/B13*C13 -> 189520.2 | D12: =C12/C13*D13 -> 189520.2 | E12: =D12/D13*E13 -> 189520.2 | F12: =E12/E13*F13 -> 189520.2 | G12: =F12/F13*G13 -> 189431.58 | H12: =G12/G13*H13 -> 189431.58 | I12: =H12/H13*I13 -> 189431.58 | J12: =I12/I13*J13 -> 189431.58 | ... AS12: =AR12/AR13*AS13 -> 213357.99
A13: 1972.3 | B13: =chainindex!AK13/chainindex!AK14*newbrowser!B14 -> 191878.58 | C13: =B13/B14*C14 -> 192075.14 | D13: =C13/C14*D14 -> 192075.14 | E13: =D13/D14*E14 -> 192075.14 | F13: =E13/E14*F14 -> 192075.14 | G13: =F13/F14*G14 -> 191985.32 | H13: =G13/G14*H14 -> 191985.32 | I13: =H13/H14*I14 -> 191985.32 | J13: =I13/I14*J14 -> 191985.32 | ... AS13: =AR13/AR14*AS14 -> 216234.29
A14: 1972.4 | B14: =chainindex!AK14/chainindex!AK15*newbrowser!B15 -> 192790.13 | C14: =B14/B15*C15 -> 192987.62 | D14: =C14/C15*D15 -> 192987.62 | E14: =D14/D15*E15 -> 192987.62 | F14: =E14/E15*F15 -> 192987.62 | G14: =F14/F15*G15 -> 192897.37 | H14: =G14/G15*H15 -> 192897.37 | I14: =H14/H15*I15 -> 192897.37 | J14: =I14/I15*J15 -> 192897.37 | ... AS14: =AR14/AR15*AS15 -> 217261.54
... A106: 1995.4 | B106: =chainindex!AK106/chainindex!AK107*newbrowser!B107 -> 355675.06 | C106: =B106/B107*C107 -> 356039.4 | D106: =C106/C107*D107 -> 356039.4 | E106: =D106/D107*E107 -> 356039.4 | F106: =E106/E107*F107 -> 356039.4 | G106: =F106/F107*G107 -> 355872.91 | H106: =G106/G107*H107 -> 355872.91 | I106: =H106/H107*I107 -> 355872.91 | J106: =I106/I107*J107 -> 355872.91 | ... AS106: =AR106/AR107*AS107 -> 400821.92
A107: 1996-Q1 | B107: 357559 | C107: 357925.27 | D107: 357925.27 | E107: 357925.27 | F107: 357925.27 | G107: 357757.9 | H107: 357757.9 | I107: 357757.9 | J107: 357757.9 | K107: 357757.9 | L107: 357757.9 | M107: 357757.9 | N107: 357794.5 | O107: 357794.5 | P107: 357794.5 | Q107: 357794.5 | R107: 357814.6 | S107: 357814.6 | T107: 357814.6 | U107: 357814.6 | V107: 379593 | W107: 379593 | X107: 379593 | Y107: 379593 | Z107: 379288.8 | AA107: 379288.8 | AB107: 379288.8 | AC107: 379288.8 | AD107: 379828.2 | AE107: 379828.2 | AF107: 379828.2 | AG107: 379828.2 | AH107: 379942.7 | AI107: 379942.7 | AJ107: 379942.7 | AK107: 379942.7 | AL107: 379564.8 | AM107: 379564.8 | AN107: 379564.8 | AO107: 379564.8 | AP107: 402945 | AQ107: 402945 | AR107: 402945 | AS107: 402945
A108: 1996-Q2 | B108: 356730 | C108: 357170.61 | D108: 357170.61 | E108: 357170.61 | F108: 357170.61 | G108: 356389.81 | H108: 356389.81 | I108: 356389.81 | J108: 356389.81 | K108: 356389.81 | L108: 356389.81 | M108: 356389.8 | N108: 355930.2 | O108: 355930.2 | P108: 355930.2 | Q108: 355930.2 | R108: 355979 | S108: 355979 | T108: 355979 | U108: 355979 | V108: 379558.8 | W108: 379558.8 | X108: 379558.8 | Y108: 379558.8 | Z108: 379547.9 | AA108: 379547.9 | AB108: 379547.9 | AC108: 379547.9 | AD108: 379428 | AE108: 379428 | AF108: 379428 | AG108: 379428 | AH108: 379449.6 | AI108: 379449.6 | AJ108: 379449.6 | AK108: 379449.6 | AL108: 379583 | AM108: 379583 | AN108: 379583 | AO108: 379583 | AP108: 403617.7 | AQ108: 403617.7 | AR108: 403617.7 | AS108: 403617.7
A109: 1996-Q3 | B109: 357040 | C109: 356791.3 | D109: 356791.3 | E109: 356791.3 | F109: 356791.3 | G109: 356480.91 | H109: 356480.91 | I109: 356480.91 | J109: 356480.91 | K109: 356480.91 | L109: 356480.91 | M109: 356480.9 | N109: 356733.7 | O109: 356733.7 | P109: 356733.7 | Q109: 356733.7 | R109: 356622.5 | S109: 356622.5 | T109: 356622.5 | U109: 356622.5 | V109: 380012.7 | W109: 380012.7 | X109: 380012.7 | Y109: 380012.7 | Z109: 380137.1 | AA109: 380137.1 | AB109: 380137.1 | AC109: 380137.1 | AD109: 379990.1 | AE109: 379990.1 | AF109: 379990.1 | AG109: 379990.1 | AH109: 379917.7 | AI109: 379917.7 | AJ109: 379917.7 | AK109: 379917.7 | AL109: 380006.1 | AM109: 380006.1 | AN109: 380006.1 | AO109: 380006.1 | AP109: 404415.9 | AQ109: 404415.9 | AR109: 404415.9 | AS109: 404415.9
A110: 1996-Q4 | B110: 356002 | C110: 355538.65 | D110: 355538.65 | E110: 355538.65 | F110: 355538.65 | G110: 356189.21 | H110: 356189.21 | I110: 356189.21 | J110: 356189.21 | K110: 356189.21 | L110: 356189.21 | M110: 356189.2 | N110: 356519.8 | O110: 356519.8 | P110: 356519.8 | Q110: 356519.8 | R110: 356458.9 | S110: 356458.9 | T110: 356458.9 | U110: 356458.9 | V110: 378846.4 | W110: 378846.4 | X110: 378846.4 | Y110: 378846.4 | Z110: 379011.9 | AA110: 379011.9 | AB110: 379011.9 | AC110: 379011.9 | AD110: 378833.4 | AE110: 378833.4 | AF110: 378833.4 | AG110: 378833.4 | AH110: 378651.5 | AI110: 378651.5 | AJ110: 378651.5 | AK110: 378651.5 | AL110: 378837.9 | AM110: 378837.9 | AN110: 378837.9 | AO110: 378837.9 | AP110: 403024.2 | AQ110: 403024.2 | AR110: 403024.2 | AS110: 403024.2
A111: 1997-Q1 | B111: 358846 | C111: 358714.1 | D111: 358714.1 | E111: 358714.1 | F111: 358714.1 | G111: 357914.77 | H111: 357914.77 | I111: 357914.77 | J111: 357914.77 | K111: 357914.77 | L111: 357914.77 | M111: 357914.8 | N111: 357479.7 | O111: 357479.7 | P111: 357479.7 | Q111: 357479.7 | R111: 357399.9 | S111: 357399.9 | T111: 357399.9 | U111: 357399.9 | V111: 380204.2 | W111: 380204.2 | X111: 380204.2 | Y111: 380204.2 | Z111: 380340.6 | AA111: 380340.6 | AB111: 380340.6 | AC111: 380340.6 | AD111: 380104.7 | AE111: 380104.7 | AF111: 380104.7 | AG111: 380104.7 | AH111: 379995.6 | AI111: 379995.6 | AJ111: 379995.6 | AK111: 379995.6 | AL111: 379992.7 | AM111: 379992.7 | AN111: 379992.7 | AO111: 379992.7 | AP111: 404186.5 | AQ111: 404186.5 | AR111: 404186.5 | AS111: 404186.5
A112: 1997-Q2 | B112: 361980 | C112: 362106.57 | D112: 362106.57 | E112: 362106.57 | F112: 362106.57 | G112: 362102.29 | H112: 362102.29 | I112: 362102.29 | J112: 362102.29 | K112: 362102.29 | L112: 362102.29 | M112: 362102.3 | N112: 362337 | O112: 362337 | P112: 362337 | Q112: 362337 | R112: 362296.7 | S112: 362296.7 | T112: 362296.7 | U112: 362296.7 | V112: 385225.2 | W112: 385225.2 | X112: 385225.2 | Y112: 385225.2 | Z112: 385143 | AA112: 385143 | AB112: 385143 | AC112: 385143 | AD112: 385149 | AE112: 385149 | AF112: 385149 | AG112: 385149 | AH112: 385117.5 | AI112: 385117.5 | AJ112: 385117.5 | AK112: 385117.5 | AL112: 385205.3 | AM112: 385205.3 | AN112: 385205.3 | AO112: 385205.3 | AP112: 410584 | AQ112: 410584 | AR112: 410584 | AS112: 410584
A113: 1997-Q3 | B113: 364390 | C113: 364415.59 | D113: 364415.59 | E113: 364415.59 | F113: 364415.59 | G113: 364453.72 | H113: 364453.72 | I113: 364453.72 | J113: 364453.72 | K113: 364453.72 | L113: 364453.72 | M113: 364453.7 | N113: 364521.7 | O113: 364521.7 | P113: 364521.7 | Q113: 364521.7 | R113: 364466.4 | S113: 364466.4 | T113: 364466.4 | U113: 364466.4 | V113: 387767.4 | W113: 387767.4 | X113: 387767.4 | Y113: 387767.4 | Z113: 387638 | AA113: 387638 | AB113: 387638 | AC113: 387638 | AD113: 387735 | AE113: 387735 | AF113: 387735 | AG113: 387735 | AH113: 387782.1 | AI113: 387782.1 | AJ113: 387782.1 | AK113: 387782.1 | AL113: 387934.6 | AM113: 387934.6 | AN113: 387934.6 | AO113: 387934.6 | AP113: 412505.3 | AQ113: 412505.3 | AR113: 412505.3 | AS113: 412505.3
A114: 1997-Q4 | B114: 370218 | C114: 370087.02 | D114: 370087.02 | E114: 370087.02 | F114: 370087.02 | G114: 370422.16 | H114: 370422.16 | I114: 370422.16 | J114: 370422.16 | K114: 370422.16 | L114: 370422.16 | M114: 370422.2 | N114: 370513.3 | O114: 370513.3 | P114: 370513.3 | Q114: 370513.3 | R114: 370537.9 | S114: 370537.9 | T114: 370537.9 | U114: 370537.9 | V114: 394342.7 | W114: 394342.7 | X114: 394342.7 | Y114: 394342.7 | Z114: 394387.6 | AA114: 394387.6 | AB114: 394387.6 | AC114: 394387.6 | AD114: 394637.2 | AE114: 394637.2 | AF114: 394637.2 | AG114: 394637.2 | AH114: 394754.1 | AI114: 394754.1 | AJ114: 394754.1 | AK114: 394754.1 | AL114: 394652.4 | AM114: 394652.4 | AN114: 394652.4 | AO114: 394652.4 | AP114: 418612.9 | AQ114: 418612.9 | AR114: 418612.9 | AS114: 418612.9
A115: 1998-Q1 | B115: 367634 | C115: 367857.56 | D115: 367857.56 | E115: 367857.56 | F115: 367857.56 | G115: 367664.39 | H115: 367664.39 | I115: 367664.39 | J115: 367664.39 | K115: 367664.39 | L115: 367664.39 | M115: 367664.4 | N115: 368105.8 | O115: 368105.8 | P115: 368105.8 | Q115: 368105.8 | R115: 368036 | S115: 368036 | T115: 368036 | U115: 368036 | V115: 392018.4 | W115: 392018.4 | X115: 392018.4 | Y115: 392018.4 | Z115: 391924.2 | AA115: 391924.2 | AB115: 391924.2 | AC115: 391924.2 | AD115: 391789.2 | AE115: 391789.2 | AF115: 391789.2 | AG115: 391789.2 | AH115: 391769.7 | AI115: 391769.7 | AJ115: 391769.7 | AK115: 391769.7 | AL115: 391689 | AM115: 391689 | AN115: 391689 | AO115: 391689 | AP115: 416498 | AQ115: 416498 | AR115: 416498 | AS115: 416498
A116: 1998-Q2 | B116: 369811 | C116: 369916.25 | D116: 369916.25 | E116: 369916.25 | F116: 369916.25 | G116: 369672.16 | H116: 369672.16 | I116: 369672.16 | J116: 369672.16 | K116: 369672.16 | L116: 369672.16 | M116: 369672.2 | N116: 369528.4 | O116: 369528.4 | P116: 369528.4 | Q116: 369528.4 | R116: 369432.6 | S116: 369432.6 | T116: 369432.6 | U116: 369432.6 | V116: 393929.3 | W116: 393929.3 | X116: 393929.3 | Y116: 393929.3 | Z116: 394019.3 | AA116: 394019.3 | AB116: 394019.3 | AC116: 394019.3 | AD116: 393986.9 | AE116: 393986.9 | AF116: 393986.9 | AG116: 393986.9 | AH116: 394059.6 | AI116: 394059.6 | AJ116: 394059.6 | AK116: 394059.6 | AL116: 394016.1 | AM116: 394016.1 | AN116: 394016.1 | AO116: 394016.1 | AP116: 418999.5 | AQ116: 418999.5 | AR116: 418999.5 | AS116: 418999.5
A117: 1998-Q3 | B117: 370207 | C117: 370253.16 | D117: 370253.16 | E117: 370253.16 | F117: 370253.16 | G117: 370094.47 | H117: 370094.47 | I117: 370094.47 | J117: 370094.47 | K117: 370094.47 | L117: 370094.47 | M117: 370094.5 | N117: 370021.4 | O117: 370021.4 | P117: 370021.4 | Q117: 370021.4 | R117: 369998.5 | S117: 369998.5 | T117: 369998.5 | U117: 369998.5 | V117: 394371.4 | W117: 394371.4 | X117: 394371.4 | Y117: 394371.4 | Z117: 394450.4 | AA117: 394450.4 | AB117: 394450.4 | AC117: 394450.4 | AD117: 394614 | AE117: 394614 | AF117: 394614 | AG117: 394614 | AH117: 394601.9 | AI117: 394601.9 | AJ117: 394601.9 | AK117: 394601.9 | AL117: 394496.8 | AM117: 394496.8 | AN117: 394496.8 | AO117: 394496.8 | AP117: 419321.3 | AQ117: 419321.3 | AR117: 419321.3 | AS117: 419321.3
A118: 1998-Q4 | B118: 368914 | C118: 368920.12 | D118: 368920.12 | E118: 368920.12 | F118: 368920.12 | G118: 368648.02 | H118: 368648.02 | I118: 368648.02 | J118: 368648.02 | K118: 368648.02 | L118: 368648.02 | M118: 368648 | N118: 368302.5 | O118: 368302.5 | P118: 368302.5 | Q118: 368302.5 | R118: 368314 | S118: 368314 | T118: 368314 | U118: 368314 | V118: 392722.5 | W118: 392722.5 | X118: 392722.5 | Y118: 392722.5 | Z118: 392635.3 | AA118: 392635.3 | AB118: 392635.3 | AC118: 392635.3 | AD118: 392673.9 | AE118: 392673.9 | AF118: 392673.9 | AG118: 392673.9 | AH118: 392436.9 | AI118: 392436.9 | AJ118: 392436.9 | AK118: 392436.9 | AL118: 392564.6 | AM118: 392564.6 | AN118: 392564.6 | AO118: 392564.6 | AP118: 418007.5 | AQ118: 418007.5 | AR118: 418007.5 | AS118: 418007.5
... A181: 2014-Q3 | B181: 384903.56 | C181: 384065.81 | D181: 384122.49 | E181: 384122.71 | F181: 383737.36 | G181: 384003.99 | H181: 383977.51 | I181: 383929.81 | J181: 386019.97 | K181: 386149.24 | L181: 386197.7 | M181: 386234.5 | N181: 386161.5 | O181: 386172 | P181: 386305.7 | Q181: 386305.1 | R181: 386329 | S181: 386329 | T181: 386329 | U181: 386329 | V181: 411346.7 | W181: 411346.7 | X181: 411346.7 | Y181: 411346.7 | Z181: 411350.6 | AA181: 411350.6 | AB181: 411350.6 | AC181: 411350.6 | AD181: 411338.1 | AE181: 411338.1 | AF181: 411338.1 | AG181: 411338.1 | AH181: 411525.8 | AI181: 411525.8 | AJ181: 411525.8 | AK181: 411525.8 | AL181: 411624.3 | AM181: 411624.3 | AN181: 411624.3 | AO181: 411624.3 | AP181: 436721.6 | AQ181: 436721.6 | AR181: 436721.6 | AS181: 436721.6
A182: 2014-Q4 | C182: 383941.13 | D182: 384159.17 | E182: 384290.75 | F182: 383504.08 | G182: 383688.61 | H182: 383725.41 | I182: 383780.36 | J182: 385944.5 | K182: 385968.56 | L182: 386000.85 | M182: 386042.5 | N182: 386683.7 | O182: 386484.9 | P182: 386314.9 | Q182: 386324.9 | R182: 386186.7 | S182: 386186.7 | T182: 386186.7 | U182: 386186.7 | V182: 410487 | W182: 410487 | X182: 410487 | Y182: 410487 | Z182: 410467.4 | AA182: 410467.4 | AB182: 410467.4 | AC182: 410467.4 | AD182: 410233.6 | AE182: 410233.6 | AF182: 410233.6 | AG182: 410233.6 | AH182: 410044.7 | AI182: 410044.7 | AJ182: 410044.7 | AK182: 410044.7 | AL182: 410248.7 | AM182: 410248.7 | AN182: 410248.7 | AO182: 410248.7 | AP182: 436268.8 | AQ182: 436268.8 | AR182: 436268.8 | AS182: 436268.8
A183: 2015-Q1 | D183: 385340.05 | E183: 385692.49 | F183: 385116.09 | G183: 385279.94 | H183: 385141.85 | I183: 385209.8 | J183: 387061.3 | K183: 387054.23 | L183: 386969.38 | M183: 386993.7 | N183: 387364.6 | O183: 387492.5 | P183: 387194.2 | Q183: 387188.7 | R183: 386975.1 | S183: 386965.8 | T183: 387019.1 | U183: 387033 | V183: 411343.4 | W183: 411343.4 | X183: 411343.4 | Y183: 411343.4 | Z183: 411349.7 | AA183: 411349.7 | AB183: 411349.7 | AC183: 411349.7 | AD183: 411318.7 | AE183: 411318.7 | AF183: 411318.7 | AG183: 411318.7 | AH183: 411498.4 | AI183: 411498.4 | AJ183: 411498.4 | AK183: 411498.4 | AL183: 411434.4 | AM183: 411434.4 | AN183: 411434.4 | AO183: 411434.4 | AP183: 437801 | AQ183: 437801 | AR183: 437801 | AS183: 437801
A184: 2015-Q2 | E184: 386925.34 | F184: 386188.03 | G184: 386437.12 | H184: 386357.98 | I184: 386141.13 | J184: 388101.64 | K184: 388489.76 | L184: 388437.41 | M184: 388334 | N184: 388869.4 | O184: 388842.4 | P184: 388803.3 | Q184: 388768.9 | R184: 388455.8 | S184: 388468.8 | T184: 388517.1 | U184: 388485.7 | V184: 412984.3 | W184: 412984.3 | X184: 412984.3 | Y184: 412984.3 | Z184: 412921.9 | AA184: 412921.9 | AB184: 412921.9 | AC184: 412921.9 | AD184: 412948.6 | AE184: 412948.6 | AF184: 412948.6 | AG184: 412948.6 | AH184: 413076.5 | AI184: 413076.5 | AJ184: 413076.5 | AK184: 413076.5 | AL184: 413000.9 | AM184: 413000.9 | AN184: 413000.9 | AO184: 413000.9 | AP184: 439525.6 | AQ184: 439525.6 | AR184: 439525.6 | AS184: 439525.6
A185: 2015-Q3 | F185: 386969.5 | G185: 387168.54 | H185: 387100.55 | I185: 387127.2 | J185: 388466.42 | K185: 388827.66 | L185: 388922.02 | M185: 388984 | N185: 389893.7 | O185: 389677.4 | P185: 389668 | Q185: 389668.2 | R185: 389618.9 | S185: 389554.9 | T185: 389539.7 | U185: 389546 | V185: 413929 | W185: 413929 | X185: 413929 | Y185: 413929 | Z185: 413864.9 | AA185: 413864.9 | AB185: 413864.9 | AC185: 413864.9 | AD185: 413940 | AE185: 413940 | AF185: 413940 | AG185: 413940 | AH185: 413799.8 | AI185: 413799.8 | AJ185: 413799.8 | AK185: 413799.8 | AL185: 413866.9 | AM185: 413866.9 | AN185: 413866.9 | AO185: 413866.9 | AP185: 439694.9 | AQ185: 439694.9 | AR185: 439694.9 | AS185: 439694.9
A186: 2015-Q4 | G186: 387533.06 | H186: 387818.28 | I186: 387940.53 | J186: 389389.49 | K186: 389667.17 | L186: 389710.02 | M186: 389726.3 | N186: 391210.2 | O186: 390436.6 | P186: 390783.2 | Q186: 390822.9 | R186: 391065.9 | S186: 391105.3 | T186: 391016 | U186: 391027.3 | V186: 415954.4 | W186: 415954.4 | X186: 415954.4 | Y186: 415954.4 | Z186: 416081.9 | AA186: 416081.9 | AB186: 416081.9 | AC186: 416081.9 | AD186: 416127.5 | AE186: 416127.5 | AF186: 416127.5 | AG186: 416127.5 | AH186: 415936.6 | AI186: 415936.6 | AJ186: 415936.6 | AK186: 415936.6 | AL186: 415876.5 | AM186: 415876.5 | AN186: 415876.5 | AO186: 415876.5 | AP186: 442027.1 | AQ186: 442027.1 | AR186: 442027.1 | AS186: 442027.1
A187: 2016-Q1 | H187: 388806.85 | I187: 389146.84 | J187: 390982.07 | K187: 391395.06 | L187: 391102.65 | M187: 391093.3 | N187: 392299.7 | O187: 391656.1 | P187: 391685.2 | Q187: 391706.9 | R187: 392116.1 | S187: 392006.7 | T187: 391944.6 | U187: 391946.3 | V187: 417268.7 | W187: 417386 | X187: 417311.2 | Y187: 417322.1 | Z187: 417295.4 | AA187: 417295.4 | AB187: 417295.4 | AC187: 417295.4 | AD187: 417261.8 | AE187: 417261.8 | AF187: 417261.8 | AG187: 417261.8 | AH187: 417508.8 | AI187: 417508.8 | AJ187: 417508.8 | AK187: 417508.8 | AL187: 417330.6 | AM187: 417330.6 | AN187: 417330.6 | AO187: 417330.6 | AP187: 442807.9 | AQ187: 442807.9 | AR187: 442807.9 | AS187: 442807.9
A188: 2016-Q2 | I188: 389234.52 | J188: 391310.76 | K188: 391773.03 | L188: 391591.45 | M188: 391470.7 | N188: 392739.2 | O188: 392126 | P188: 392063.8 | Q188: 392034.1 | R188: 392944 | S188: 392937.7 | T188: 392868.2 | U188: 392820.3 | V188: 417941.8 | W188: 418116.8 | X188: 418127.6 | Y188: 418106.8 | Z188: 418176.9 | AA188: 418176.9 | AB188: 418176.9 | AC188: 418176.9 | AD188: 418119.8 | AE188: 418119.8 | AF188: 418119.8 | AG188: 418119.8 | AH188: 418177.3 | AI188: 418177.3 | AJ188: 418177.3 | AK188: 418177.3 | AL188: 418146.4 | AM188: 418146.4 | AN188: 418146.4 | AO188: 418146.4 | AP188: 444021.8 | AQ188: 444021.8 | AR188: 444021.8 | AS188: 444021.8
A189: 2016-Q3 | J189: 392303.43 | K189: 392792.44 | L189: 392725.64 | M189: 392677.4 | N189: 393524.1 | O189: 393061.6 | P189: 392965.5 | Q189: 392972.1 | R189: 394396.4 | S189: 394239.3 | T189: 394294.9 | U189: 394319.9 | V189: 420302 | W189: 420351.8 | X189: 420367.4 | Y189: 420362.8 | Z189: 420398.1 | AA189: 420398.1 | AB189: 420398.1 | AC189: 420398.1 | AD189: 420489.3 | AE189: 420489.3 | AF189: 420489.3 | AG189: 420489.3 | AH189: 420394 | AI189: 420394 | AJ189: 420394 | AK189: 420394 | AL189: 420375 | AM189: 420375 | AN189: 420375 | AO189: 420375 | AP189: 447174.4 | AQ189: 447174.4 | AR189: 447174.4 | AS189: 447174.4
A190: 2016-Q4 | K190: 393512.08 | L190: 394052.87 | M190: 394230.6 | N190: 395240 | O190: 394736.3 | P190: 394864.9 | Q190: 394866.5 | R190: 396232.5 | S190: 396080.1 | T190: 396158.5 | U190: 396179.7 | V190: 421697.3 | W190: 421609.2 | X190: 421656.6 | Y190: 421670.9 | Z190: 421593.3 | AA190: 421593.3 | AB190: 421593.3 | AC190: 421593.3 | AD190: 421694.2 | AE190: 421694.2 | AF190: 421694.2 | AG190: 421694.2 | AH190: 421683.7 | AI190: 421683.7 | AJ190: 421683.7 | AK190: 421683.7 | AL190: 421946.6 | AM190: 421946.6 | AN190: 421946.6 | AO190: 421946.6 | AP190: 448866.5 | AQ190: 448866.5 | AR190: 448866.5 | AS190: 448866.5
A191: 2017-Q1 | L191: 395782.59 | M191: 395962.9 | N191: 397381.6 | O191: 396557.5 | P191: 396866.2 | Q191: 396899.1 | R191: 398201.8 | S191: 398190.3 | T191: 398362.2 | U191: 398369.7 | V191: 424155.1 | W191: 424185.8 | X191: 424104.4 | Y191: 424048.7 | Z191: 423879.8 | AA191: 423927.1 | AB191: 423945.4 | AC191: 423912.5 | AD191: 424010.4 | AE191: 424010.4 | AF191: 424010.4 | AG191: 424010.4 | AH191: 423868.8 | AI191: 423868.8 | AJ191: 423868.8 | AK191: 423868.8 | AL191: 423956.2 | AM191: 423956.2 | AN191: 423956.2 | AO191: 423956.2 | AP191: 450875.2 | AQ191: 450875.2 | AR191: 450875.2 | AS191: 450875.2
A192: 2017-Q2 | M192: 397445.2 | N192: 398747.9 | O192: 398255.7 | P192: 398429.6 | Q192: 398377.7 | R192: 399533 | S192: 399567.9 | T192: 399900.7 | U192: 399870.6 | V192: 425810.4 | W192: 425641.2 | X192: 425638.5 | Y192: 425657.5 | Z192: 425601.7 | AA192: 425691.9 | AB192: 425695.1 | AC192: 425618.9 | AD192: 425706 | AE192: 425706 | AF192: 425706 | AG192: 425706 | AH192: 425693.4 | AI192: 425693.4 | AJ192: 425693.4 | AK192: 425693.4 | AL192: 425840.8 | AM192: 425840.8 | AN192: 425840.8 | AO192: 425840.8 | AP192: 452624.9 | AQ192: 452624.9 | AR192: 452624.9 | AS192: 452624.9
A193: 2017-Q3 | N193: 400176.9 | O193: 399860.2 | P193: 399795.4 | Q193: 399830.6 | R193: 401288.9 | S193: 401031.2 | T193: 401493.5 | U193: 401552.9 | V193: 427473.9 | W193: 427247.8 | X193: 427258 | Y193: 427265.1 | Z193: 427313.7 | AA193: 427347.4 | AB193: 427338.1 | AC193: 427368.2 | AD193: 427331.4 | AE193: 427331.4 | AF193: 427331.4 | AG193: 427331.4 | AH193: 427558.4 | AI193: 427558.4 | AJ193: 427558.4 | AK193: 427558.4 | AL193: 427477.2 | AM193: 427477.2 | AN193: 427477.2 | AO193: 427477.2 | AP193: 453396.6 | AQ193: 453396.6 | AR193: 453396.6 | AS193: 453396.6
A194: 2017-Q4 | O194: 401108.9 | P194: 401202.1 | Q194: 401185.9 | R194: 402480.9 | S194: 402698 | T194: 403103 | U194: 403066.2 | V194: 429644.6 | W194: 429455.1 | X194: 429527.5 | Y194: 429557 | Z194: 429691 | AA194: 429713.5 | AB194: 429700.8 | AC194: 429779.7 | AD194: 429623.9 | AE194: 429623.9 | AF194: 429623.9 | AG194: 429623.9 | AH194: 429856.6 | AI194: 429856.6 | AJ194: 429856.6 | AK194: 429856.6 | AL194: 429834.5 | AM194: 429834.5 | AN194: 429834.5 | AO194: 429834.5 | AP194: 456101.7 | AQ194: 456101.7 | AR194: 456101.7 | AS194: 456101.7
A195: 2018-Q1 | P195: 402332.4 | Q195: 402292.7 | R195: 403750.7 | S195: 403579 | T195: 403982.6 | U195: 403882.5 | V195: 430017.1 | W195: 429747.7 | X195: 429552.8 | Y195: 429509.3 | Z195: 429753.7 | AA195: 429737.1 | AB195: 429704.9 | AC195: 429822.1 | AD195: 429550.2 | AE195: 429504.6 | AF195: 429435.1 | AG195: 429465.5 | AH195: 429394.3 | AI195: 429394.3 | AJ195: 429394.3 | AK195: 429394.3 | AL195: 429419.7 | AM195: 429419.7 | AN195: 429419.7 | AO195: 429419.7 | AP195: 455295.6 | AQ195: 455295.6 | AR195: 455295.6 | AS195: 455295.6
A196: 2018-Q2 | Q196: 402976.4 | R196: 404413.7 | S196: 403853 | T196: 403984.8 | U196: 403991.6 | V196: 429689 | W196: 429547.2 | X196: 429499.8 | Y196: 429536.7 | Z196: 430276.9 | AA196: 430024.7 | AB196: 429943.4 | AC196: 429749 | AD196: 429568.5 | AE196: 429678.2 | AF196: 429637.9 | AG196: 429568.7 | AH196: 429586.2 | AI196: 429586.2 | AJ196: 429586.2 | AK196: 429586.2 | AL196: 429678.4 | AM196: 429678.4 | AN196: 429678.4 | AO196: 429678.4 | AP196: 456236.4 | AQ196: 456236.4 | AR196: 456236.4 | AS196: 456236.4
A197: 2018-Q3 | R197: 403919 | S197: 403273.8 | T197: 403468.8 | U197: 403491.9 | V197: 429096.4 | W197: 429104.5 | X197: 429175.2 | Y197: 429182.3 | Z197: 430007.2 | AA197: 429989.2 | AB197: 430011.9 | AC197: 430055 | AD197: 429883.2 | AE197: 430102.1 | AF197: 430076.5 | AG197: 430084.1 | AH197: 430128.3 | AI197: 430128.3 | AJ197: 430128.3 | AK197: 430128.3 | AL197: 430011.5 | AM197: 430011.5 | AN197: 430011.5 | AO197: 430011.5 | AP197: 456218.2 | AQ197: 456218.2 | AR197: 456218.2 | AS197: 456218.2
A198: 2018-Q4 | S198: 402822.5 | T198: 403103.8 | U198: 403173.9 | V198: 429409.3 | W198: 429664.7 | X198: 429836.1 | Y198: 429835.5 | Z198: 430493.4 | AA198: 430871 | AB198: 430962 | AC198: 430996 | AD198: 431351 | AE198: 431207.7 | AF198: 431343 | AG198: 431374.3 | AH198: 431383.9 | AI198: 431383.9 | AJ198: 431383.9 | AK198: 431383.9 | AL198: 431297.4 | AM198: 431297.4 | AN198: 431297.4 | AO198: 431297.4 | AP198: 457575.5 | AQ198: 457575.5 | AR198: 457575.5 | AS198: 457575.5
A199: 2019-Q1 | T199: 403596 | U199: 403659 | V199: 429946.5 | W199: 430659.5 | X199: 430767.4 | Y199: 430663 | Z199: 431224.7 | AA199: 431432.7 | AB199: 431038.1 | AC199: 431187.6 | AD199: 431529.1 | AE199: 432166.2 | AF199: 432166.3 | AG199: 432202.4 | AH199: 432201.3 | AI199: 432201.8 | AJ199: 432161.3 | AK199: 432134 | AL199: 431670.6 | AM199: 431670.6 | AN199: 431670.6 | AO199: 431670.6 | AP199: 458561.7 | AQ199: 458561.7 | AR199: 458561.7 | AS199: 458561.7
A200: 2019-Q2 | U200: 403786.1 | V200: 430210.2 | W200: 431114.8 | X200: 431082.7 | Y200: 431193.3 | Z200: 432062.3 | AA200: 431986.1 | AB200: 431780.4 | AC200: 431505.8 | AD200: 432308.6 | AE200: 433490.4 | AF200: 433509.5 | AG200: 433392.8 | AH200: 433165.4 | AI200: 433133.4 | AJ200: 433157.2 | AK200: 433174.7 | AL200: 433098.4 | AM200: 433098.4 | AN200: 433098.4 | AO200: 433098.4 | AP200: 459828 | AQ200: 459828 | AR200: 459828 | AS200: 459828
A201: 2019-Q3 | V201: 430459.2 | W201: 431357.2 | X201: 431192.8 | Y201: 431143.6 | Z201: 432240.8 | AA201: 431998.7 | AB201: 432196 | AC201: 432321.2 | AD201: 432673 | AE201: 433447 | AF201: 433443.6 | AG201: 433475.1 | AH201: 433492 | AI201: 433401 | AJ201: 433414.4 | AK201: 433444.3 | AL201: 433366 | AM201: 433366 | AN201: 433366 | AO201: 433366 | AP201: 458126.3 | AQ201: 458126.3 | AR201: 458126.3 | AS201: 458126.3
A202: 2019-Q4 | W202: 430058.5 | X202: 430146.5 | Y202: 430189.3 | Z202: 430841.9 | AA202: 430094.2 | AB202: 430497.3 | AC202: 430497.2 | AD202: 430855.6 | AE202: 429944.3 | AF202: 429928.7 | AG202: 429977.8 | AH202: 429906.3 | AI202: 429930.2 | AJ202: 429933.5 | AK202: 429913.4 | AL202: 430532.6 | AM202: 430532.6 | AN202: 430532.6 | AO202: 430532.6 | AP202: 456422.5 | AQ202: 456422.5 | AR202: 456422.5 | AS202: 456422.5
A203: 2020-Q1 | X203: 407308.2 | Y203: 406703.5 | Z203: 407169 | AA203: 406419.4 | AB203: 405998 | AC203: 406182 | AD203: 406211.6 | AE203: 404599.3 | AF203: 404504.2 | AG203: 404516.5 | AH203: 404713.6 | AI203: 405077.3 | AJ203: 405063.8 | AK203: 404988.8 | AL203: 404519.4 | AM203: 404435.7 | AN203: 404572.4 | AO203: 404546.5 | AP203: 429874.8 | AQ203: 429874.8 | AR203: 429874.8 | AS203: 429874.8
A204: 2020-Q2 | Y204: 354678.7 | Z204: 354262.9 | AA204: 353552.5 | AB204: 353497.7 | AC204: 353132.7 | AD204: 353930.6 | AE204: 353495.5 | AF204: 353511.6 | AG204: 353305.7 | AH204: 355740.9 | AI204: 356177.6 | AJ204: 356296.3 | AK204: 356376.7 | AL204: 357140.2 | AM204: 356553.4 | AN204: 356753 | AO204: 356805.7 | AP204: 376881 | AQ204: 376881 | AR204: 376881 | AS204: 376881
A205: 2020-Q3 | Z205: 410569.3 | AA205: 409680.1 | AB205: 409566.3 | AC205: 409694.5 | AD205: 409219.3 | AE205: 410099.1 | AF205: 410154.9 | AG205: 410253.3 | AH205: 407146.9 | AI205: 406938.4 | AJ205: 406907.3 | AK205: 406955.7 | AL205: 406169.8 | AM205: 406787.2 | AN205: 406416.1 | AO205: 406426.2 | AP205: 431181.9 | AQ205: 431181.9 | AR205: 431181.9 | AS205: 431181.9
A206: 2020-Q4 | AA206: 401776.8 | AB206: 402367.3 | AC206: 402420.1 | AD206: 402567.2 | AE206: 403678 | AF206: 403703.5 | AG206: 403798.8 | AH206: 403820.1 | AI206: 404140.4 | AJ206: 404066.3 | AK206: 404012.5 | AL206: 404563.6 | AM206: 404453.6 | AN206: 404488.6 | AO206: 404451.6 | AP206: 430917.4 | AQ206: 430917.4 | AR206: 430917.4 | AS206: 430917.4
A207: 2021-Q1 | AB207: 402919.6 | AC207: 403334.4 | AD207: 403684.4 | AE207: 405060.6 | AF207: 404657.1 | AG207: 404609.6 | AH207: 405047.2 | AI207: 406072.3 | AJ207: 406003 | AK207: 405850.1 | AL207: 411077.8 | AM207: 410661.7 | AN207: 410558.8 | AO207: 410591.9 | AP207: 437899.7 | AQ207: 438808.1 | AR207: 438568.8 | AS207: 438548.3
A208: 2021-Q2 | AC208: 414142.6 | AD208: 414464.5 | AE208: 415882.2 | AF208: 415536.3 | AG208: 415260.7 | AH208: 415112.8 | AI208: 415889.9 | AJ208: 415989.4 | AK208: 416113.8 | AL208: 421611.9 | AM208: 421361.8 | AN208: 421398.4 | AO208: 421432.4 | AP208: 448380.1 | AQ208: 449103.7 | AR208: 449265.3 | AS208: 449303.4
A209: 2021-Q3 | AD209: 425375 | AE209: 426249.3 | AF209: 426434.1 | AG209: 426619 | AH209: 426605.3 | AI209: 427958.8 | AJ209: 428015.4 | AK209: 428122 | AL209: 433286.7 | AM209: 433290.6 | AN209: 433398.1 | AO209: 433397.1 | AP209: 462495.4 | AQ209: 460474.4 | AR209: 460441.5 | AS209: 460467.6
A210: 2021-Q4 | AE210: 428681.7 | AF210: 429370.3 | AG210: 429508.5 | AH210: 430214.2 | AI210: 431919.3 | AJ210: 431832.4 | AK210: 431754.4 | AL210: 436781.3 | AM210: 437070 | AN210: 437028.8 | AO210: 436962.7 | AP210: 466837.3 | AQ210: 467465.5 | AR210: 467576.2 | AS210: 467532.5
A211: 2022-Q1 | AF211: 429931.4 | AG211: 429990.6 | AH211: 430904.8 | AI211: 432480.3 | AJ211: 432440.8 | AK211: 432102 | AL211: 437162.2 | AM211: 437703.7 | AN211: 437729.7 | AO211: 437800.7 | AP211: 469159.7 | AQ211: 471313.6 | AR211: 470913.1 | AS211: 470949.2
A212: 2022-Q2 | AG212: 434868.9 | AH212: 435787.2 | AI212: 436938.9 | AJ212: 436930.5 | AK212: 437248.5 | AL212: 443252.8 | AM212: 444004.1 | AN212: 443890.3 | AO212: 443952.4 | AP212: 476477.9 | AQ212: 477712.1 | AR212: 477748.7 | AS212: 477840.5
A213: 2022-Q3 | AH213: 437795.2 | AI213: 438674.8 | AJ213: 438619.9 | AK213: 438763.7 | AL213: 444587.4 | AM213: 445526.6 | AN213: 445733.5 | AO213: 445731.7 | AP213: 479180 | AQ213: 478936 | AR213: 479054.2 | AS213: 479065.1
A214: 2022-Q4 | AI214: 438100.7 | AJ214: 438203.4 | AK214: 438080.5 | AL214: 443920.1 | AM214: 445716.7 | AN214: 445597.6 | AO214: 445466.3 | AP214: 478103.5 | AQ214: 478224.4 | AR214: 478470.2 | AS214: 478331.4
A215: 2023-Q1 | AJ215: 440644.8 | AK215: 440753.8 | AL215: 446443.4 | AM215: 447870.5 | AN215: 447154.4 | AO215: 447325.3 | AP215: 479740.7 | AQ215: 481248 | AR215: 480715.4 | AS215: 480507.8
A216: 2023-Q2 | AK216: 438984 | AL216: 444761.4 | AM216: 446755.1 | AN216: 446614.4 | AO216: 446830 | AP216: 478808.6 | AQ216: 479787.2 | AR216: 479723.5 | AS216: 479729.3
A217: 2023-Q3 | AL217: 445201.1 | AM217: 447810 | AN217: 448298.4 | AO217: 448261.7 | AP217: 479832.3 | AQ217: 479853 | AR217: 480164.1 | AS217: 480335.5
A218: 2023-Q4 | AM218: 448551.1 | AN218: 448919.7 | AO218: 448569.8 | AP218: 479656.3 | AQ218: 480817.5 | AR218: 481102.7 | AS218: 481133
A219: 2024-Q1 | AN219: 450460.6 | AO219: 450056 | AP219: 481209.4 | AQ219: 482455.7 | AR219: 481966.4 | AS219: 481896.9
A220: 2024-Q2 | AO220: 450759.4 | AP220: 481997 | AQ220: 482821.2 | AR220: 482925.5 | AS220: 482932.8
A221: 2024-Q3 | AP221: 481980.5 | AQ221: 482879.5 | AR221: 482892 | AS221: 482951.2
A222: 2024-Q4 | AQ222: 483534.1 | AR222: 483906.6 | AS222: 483909.6
A223: 2025-Q1 | AR223: 485183.4 | AS223: 485416.1
A224: 2025-Q2 | AS224: 485045.9
A225: 2025-Q3
A226: 2025-Q4
